key,display_code,edition_year,title,status,category,subcategory,compliance_mandatory,verification_level,flags,has_full_text,confidence_tier
IS 10,IS 10:1998,1998,Plywood Tea-Chests - Specification,ACTIVE,,,,single_source_unconfirmed,no_full_text|certification_status_unknown,False,single_source
IS 44,IS 44,,Iron Oxide Pigments For Paints,ACTIVE,Steel & Metallurgy,,True,single_source_unconfirmed,no_scope_or_description|no_full_text,False,single_source
IS 54,IS 54:1988,1988,Nitric Acid - Specification,ACTIVE,Chemicals,,True,single_source_unconfirmed,no_full_text,False,single_source
IS 73,IS 73:2013,2013,Paving Bitumen - Specification,ACTIVE,Civil & Construction,,True,needs_review,full_text_edition_older_than_current_edition|source_conflict_present,True,multi_source
IS 105,IS 105:1975,1975,"Ready Mixed Paint, Brushing, Finishing, Oil Gloss",ACTIVE,Chemicals,,True,single_source_unconfirmed,no_full_text,False,single_source
IS 110,IS 110:1983,1983,"READY MIXED PAINT, BRUSHING, GREY FILLER,",ACTIVE,,,,single_source_unconfirmed,certification_status_unknown,True,single_source
IS 158,IS 158,,"Ready Mixed Paint, Brushing, Bituminous, Black, Lead-free, Acid, Alkali And Heat Resisting",ACTIVE,General Engineering & Consumer Goods,,,single_source_unconfirmed,no_scope_or_description|no_full_text|certification_status_unknown,False,single_source
IS 164,IS 164,,Ready Mixed Paint For Road Marking,ACTIVE,General Engineering & Consumer Goods,,,single_source_unconfirmed,no_scope_or_description|no_full_text|certification_status_unknown,False,single_source
IS 170,IS 170,,Acetone,ACTIVE,General Engineering & Consumer Goods,,,single_source_unconfirmed,no_scope_or_description|no_full_text|certification_status_unknown,False,single_source
IS 177,IS 177,,Cotton Drills,ACTIVE,Textiles & Garments,,,single_source_unconfirmed,no_scope_or_description|no_full_text|certification_status_unknown,False,single_source
IS 190,IS 190:1991,1991,CONIFEROUS SAWN TIMBER,ACTIVE,,,,single_source_unconfirmed,certification_status_unknown,True,single_source
IS 191,IS 191,,Copper,ACTIVE,General Engineering & Consumer Goods,,,single_source_unconfirmed,no_scope_or_description|no_full_text|certification_status_unknown,False,single_source
IS 204 (Part 1),IS 204 (Part 1):1991,1991,Tower Bolts - Specification Part-1 Ferrous Metals,ACTIVE,Steel & Metallurgy,,True,verified_multi_source,,True,multi_source
IS 204 (Part 2),IS 204 (Part 2):1992,1992,Tower Bolts - Specification Part-2 Non-ferrous Metals,ACTIVE,Steel & Metallurgy,,True,verified_multi_source,,True,multi_source
IS 205,IS 205:1992,1992,Non-ferrous Metal Butt Hinges -specification,ACTIVE,Steel & Metallurgy,,True,verified_multi_source,,True,multi_source
IS 206,IS 206:1992,1992,TEE AND STRAP HINGES,ACTIVE,,,,single_source_unconfirmed,certification_status_unknown,True,single_source
IS 207,IS 207:1964,1964,GATE AND SHUTTER HOOKS AND EYES,ACTIVE,,,,single_source_unconfirmed,certification_status_unknown,True,single_source
IS 208,IS 208:1996,1996,Door Handles -specification,ACTIVE,General Engineering & Consumer Goods,,,verified_multi_source,certification_status_unknown,True,multi_source
IS 210,IS 210:2009,2009,Grey Iron Castings — Specification,ACTIVE,Metals & Castings,,,needs_review,no_full_text|source_conflict_present|certification_status_disputed_across_sources|certification_status_unknown,False,multi_source
IS 212,IS 212:1983,1983,CRUDE COAL TAR FOR GENERAL USE,ACTIVE,,,,single_source_unconfirmed,certification_status_unknown,True,single_source
IS 215,IS 215:1995,1995,ROAD TAR,ACTIVE,,,,single_source_unconfirmed,certification_status_unknown,True,single_source
IS 216,IS 216:1961,1961,COAL TAR PITCH,ACTIVE,,,,single_source_unconfirmed,certification_status_unknown,True,single_source
IS 218,IS 218:1983,1983,CREOSOTE OIL FOR USE AS WOOD,ACTIVE,,,,single_source_unconfirmed,certification_status_unknown,True,single_source
IS 228,IS 228,,Methods of Chemical Analysis of Steel,ACTIVE,Testing & Normative Reference,,,single_source_unconfirmed,no_full_text|certification_status_unknown,False,single_source
IS 245,IS 245,,"Trichloroethylene, Technical",ACTIVE,General Engineering & Consumer Goods,,,single_source_unconfirmed,no_scope_or_description|no_full_text|certification_status_unknown,False,single_source
IS 251,IS 251,,"Soda Ash, Technical",ACTIVE,General Engineering & Consumer Goods,,,single_source_unconfirmed,no_scope_or_description|no_full_text|certification_status_unknown,False,single_source
IS 252,IS 252:2013,2013,"Caustic Soda, Pure and Technical - Specification",ACTIVE,Chemicals,,True,verified_multi_source,no_full_text,False,multi_source
IS 253,IS 253,,Specification For Common Salt,ACTIVE,"Plastics, Chemicals & Rubber",,,single_source_unconfirmed,no_scope_or_description|no_full_text|certification_status_unknown,False,single_source
IS 260,IS 260:1969,1969,"Aluminium Sulphate, Non-Ferric (Alum)",ACTIVE,Chemicals,,True,single_source_unconfirmed,no_full_text,False,single_source
IS 261,IS 261,,Copper Sulphate,ACTIVE,General Engineering & Consumer Goods,,,single_source_unconfirmed,no_scope_or_description|no_full_text|certification_status_unknown,False,single_source
IS 266,IS 266,,Sulphuric Acid,ACTIVE,General Engineering & Consumer Goods,,,single_source_unconfirmed,no_scope_or_description|no_full_text|certification_status_unknown,False,single_source
IS 269,IS 269:2015,2015,"Ordinary Portland Cement, 33 Grade — Specification",ACTIVE,Construction Materials - Cement,,True,needs_review,full_text_edition_older_than_current_edition|source_conflict_present|amendment_or_verification_data_self_asserted_not_network_verified,True,multi_source
IS 274 (Part 1 and 2),IS 274 (Part 1 and 2),,Shovels - Part 1 : General Purpose Shovels - Part Ii : Heat-treated Shovels,ACTIVE,General Engineering & Consumer Goods,,,single_source_unconfirmed,no_scope_or_description|no_full_text|certification_status_unknown,False,single_source
IS 276,IS 276,,Austenitic-manganese Steel Castings,ACTIVE,Steel & Metallurgy,,True,single_source_unconfirmed,no_scope_or_description|no_full_text,False,single_source
IS 277,IS 277:2018,2018,Galvanized Steel Sheets (Plain and Corrugated) - Specification,ACTIVE,Civil & Construction,,True,needs_review,full_text_edition_older_than_current_edition|source_conflict_present,True,multi_source
IS 278,IS 278:1978,1978,Galvanized Steel Barbed Wire For Fencing-specification,ACTIVE,Steel & Metallurgy,,True,verified_multi_source,,True,multi_source
IS 280,IS 280:2006,2006,Mild Steel Wire for General Engineering Purposes (Binding Wire),ACTIVE,Civil & Construction,,True,needs_review,full_text_edition_older_than_current_edition|source_conflict_present,True,multi_source
IS 281,IS 281:1991,1991,Mild Steel Sliding Door Bolts For Use With Padlocks -specification,ACTIVE,Steel & Metallurgy,,True,verified_multi_source,,True,multi_source
IS 299,IS 299,,Alumino-ferric - Specification,ACTIVE,General Engineering & Consumer Goods,,,single_source_unconfirmed,no_scope_or_description|no_full_text|certification_status_unknown,False,single_source
IS 302 (Part 1),IS 302 (Part 1):2008,2008,Safety of Household and Similar Electrical Appliances — General Requirements,ACTIVE,Electrical - Appliances,,True,verified_multi_source,no_full_text,False,multi_source
IS 302 (Part 2/Sec 14),IS 302 (Part 2/Sec 14),,Safety Of Household And Similar Electrical Appliances: Part 2 Particular Requirements. Section 14 Electric Kitchen Machines,ACTIVE,Electrical & Electronics,,True,single_source_unconfirmed,no_scope_or_description|no_full_text,False,single_source
IS 302 (Part 2/Sec 201),IS 302 (Part 2/Sec 201),,"Safety Of Household And Similar Electrical Appliances: Part 2 Particular Requirements, Section 201 Electric Immersion Water Heater",ACTIVE,Electrical & Electronics,,True,single_source_unconfirmed,no_scope_or_description|no_full_text,False,single_source
IS 302 (Part 2/Sec 21),IS 302 (Part 2/Sec 21):2011,2011,Safety of Stationary Storage Water Heaters (Geysers),ACTIVE,Electrical,,True,single_source_unconfirmed,no_full_text,False,single_source
IS 302 (Part 2/Sec 25),IS 302 (Part 2/Sec 25):2014,2014,Microwave Ovens,ACTIVE,Domestic & Consumer Appliances,Kitchen Appliances,True,single_source_unconfirmed,no_full_text,False,single_source
IS 302 (Part 2/Sec 3),IS 302 (Part 2/Sec 3):2007,2007,Safety of Electric Iron,ACTIVE,Electrical,,True,verified_multi_source,no_full_text,False,multi_source
IS 302 (Part 2/Sec 30),IS 302 (Part 2/Sec 30):2007,2007,"Safety Of Household And Similar Electrical Appliances: Part 2 Particular Requirements, Section 30 Room Heaters",ACTIVE,Domestic & Consumer Appliances,Heating Appliances,True,single_source_unconfirmed,no_full_text,False,single_source
IS 302 (Part 2/Sec 9),IS 302 (Part 2/Sec 9):2009,2009,"Safety of household and similar electrical appliances: Part 2 particular requirements: Sec 9 toasters, grills, roasters and similar appliances",ACTIVE,Domestic & Consumer Appliances,Kitchen Appliances,True,single_source_unconfirmed,no_full_text,False,single_source
IS 303,IS 303:1989,1989,Plywood For General Purposes -,ACTIVE,Civil & Construction Materials,Wood & Plywood,True,single_source_unconfirmed,no_full_text,False,single_source
IS 321,IS 321:2020,2020,Absolute Alcohol - Specification,ACTIVE,Chemicals,,True,single_source_unconfirmed,no_full_text,False,single_source
IS 325,IS 325:1996,1996,Three-phase induction motors - Specification (SUPERSEDED),SUPERSEDED,Electrical,,False,single_source_unconfirmed,no_full_text,False,single_source
IS 335,IS 335:2018,2018,Uninhibited and Inhibited Mineral Insulating Oils for Transformers and Switchgears,ACTIVE,Electrical,,True,verified_multi_source,no_full_text,False,multi_source
IS 362,IS 362:1991,1991,Parliament Hinges -specification,ACTIVE,General Engineering & Consumer Goods,,,verified_multi_source,certification_status_unknown,True,multi_source
IS 363,IS 363:1993,1993,HASPS AND STAPLES,ACTIVE,,,,single_source_unconfirmed,certification_status_unknown,True,single_source
IS 364,IS 364:1993,1993,FAN LIGHT CATCH,ACTIVE,,,,single_source_unconfirmed,certification_status_unknown,True,single_source
IS 366,IS 366:1991,1991,Electric Irons,ACTIVE,Domestic & Consumer Appliances,Heating Appliances,True,single_source_unconfirmed,no_full_text,False,single_source
IS 367,IS 367,,Electric kettles and jugs for household and similar use,ACTIVE,Electrical & Electronics,,True,single_source_unconfirmed,no_scope_or_description|no_full_text,False,single_source
IS 368,IS 368:2014,2014,Electric Immersion Water Heaters - Specification,ACTIVE,Domestic & Consumer Appliances,Water Heaters,True,single_source_unconfirmed,no_full_text,False,single_source
IS 369,IS 369,,Household Electric Direct Acting Room Heaters,ACTIVE,Electrical & Electronics,,True,single_source_unconfirmed,no_scope_or_description|no_full_text,False,single_source
IS 371,IS 371,,Ceiling Roses,ACTIVE,General Engineering & Consumer Goods,,,single_source_unconfirmed,no_scope_or_description|no_full_text|certification_status_unknown,False,single_source
IS 374,IS 374:2019,2019,Electric Ceiling Type Fans and Regulators - Specification,ACTIVE,Electrical,Air Circulation,True,verified_multi_source,no_full_text,False,multi_source
IS 383,IS 383:2016,2016,Coarse and Fine Aggregate for Concrete — Specification,ACTIVE,Construction Materials - Concrete,,,needs_review,full_text_edition_older_than_current_edition|source_conflict_present|certification_status_disputed_across_sources|certification_status_unknown,True,multi_source
IS 398 (Part 1),IS 398 (Part 1),,Aluminium Conductors For Overhead Transmission Purposes:Part1 Aluminium Stranded Conductors,ACTIVE,Electrical & Electronics,,True,single_source_unconfirmed,no_scope_or_description|no_full_text,False,single_source
IS 398 (Part 2),IS 398 (Part 2):1996,1996,"Aluminium Conductors for Overhead Transmission Purposes - Aluminium Conductor, Galvanized Steel-Reinforced (ACSR)",ACTIVE,Electrical,,True,verified_multi_source,no_full_text,False,multi_source
IS 398 (Part 4),IS 398 (Part 4):1994,1994,Aluminium Alloy Conductors (AAAC) for Overhead Transmission Purposes,ACTIVE,Electrical,,True,verified_multi_source,no_full_text,False,multi_source
IS 398 (Part 5),IS 398 (Part 5),,Aluminium Conductors For Overhead Transmission Purposes:Part5 Aluminium Conductors-Galvanized Steel Reinforced For Extra High Voltage (400 Kv And Above) _,ACTIVE,Steel & Metallurgy,,True,single_source_unconfirmed,no_scope_or_description|no_full_text,False,single_source
IS 399,IS 399:1963,1963,CLASSIFICATION OF COMMERCIAL TIMBERS AND,ACTIVE,,,,single_source_unconfirmed,certification_status_unknown,True,single_source
IS 404 (Part 1),IS 404 (Part 1):1993,1993,LEAD PIPES – FOR OTHER THAN,ACTIVE,,,,single_source_unconfirmed,certification_status_unknown,True,single_source
IS 407,IS 407:1981,1981,BRASS TUBES FORGENERAL PURPOSES,ACTIVE,,,,single_source_unconfirmed,certification_status_unknown,True,single_source
IS 412,IS 412:1975,1975,EXPANDED METAL STEEL SHEETS FOR,ACTIVE,,,,single_source_unconfirmed,certification_status_unknown,True,single_source
IS 418,IS 418,,Tungsten Filament Lamp For Domestic And Similar General Lighting Purposes,ACTIVE,Electrical & Electronics,,True,single_source_unconfirmed,no_scope_or_description|no_full_text,False,single_source
IS 419,IS 419:1967,1967,"PUTTY, FOR USE ON WINDOW FRAMES",ACTIVE,,,,single_source_unconfirmed,certification_status_unknown,True,single_source
IS 423,IS 423:1961,1961,PLASTIC WOOD FOR JOINERS FILLER,ACTIVE,,,,single_source_unconfirmed,certification_status_unknown,True,single_source
IS 428,IS 428,,Washable Distemper - Specification,ACTIVE,General Engineering & Consumer Goods,,,single_source_unconfirmed,no_scope_or_description|no_full_text|certification_status_unknown,False,single_source
IS 432 (Part 1),IS 432 (Part 1):1982,1982,Mild Steel and Medium Tensile Steel Bars and Hard-Drawn Steel Wire for Concrete Reinforcement,ACTIVE,Civil & Construction,,True,verified_multi_source,,True,multi_source
IS 432 (Part 2),IS 432 (Part 2),,Mild Steel And Medium Tensile Steel Bars And Hard-drawn Steel Wire For Concrete Reinforcement: Part 2 Hard-drawn Steel Wire,ACTIVE,Steel & Metallurgy,,True,single_source_unconfirmed,no_scope_or_description|no_full_text,False,single_source
IS 432 (Part II),IS 432 (Part II):1982,1982,MILD STEEL AND MEDIUM TENSILE STEEL,ACTIVE,,,,single_source_unconfirmed,certification_status_unknown,True,single_source
IS 444,IS 444,,"Rubber Hoses, Textile-reinforced, For General-purpose Water Applications",ACTIVE,Civil & Construction Materials,,True,single_source_unconfirmed,no_scope_or_description|no_full_text,False,single_source
IS 446,IS 446,,"Rubber Hoses, Textile-reinforced, For Compressed Air",ACTIVE,Civil & Construction Materials,,True,single_source_unconfirmed,no_scope_or_description|no_full_text,False,single_source
IS 447,IS 447,,Rubber Hose For Welding,ACTIVE,"Plastics, Chemicals & Rubber",,,single_source_unconfirmed,no_scope_or_description|no_full_text|certification_status_unknown,False,single_source
IS 452,IS 452:1973,1973,DOOR SPRING RAT- TAIL TYPE,ACTIVE,,,,single_source_unconfirmed,certification_status_unknown,True,single_source
IS 453,IS 453:1993,1993,DOUBLE-ACTING SPRING HINGES,ACTIVE,,,,single_source_unconfirmed,certification_status_unknown,True,single_source
IS 454,IS 454:1994,1994,CUTBACK  BITUMEN FROM WAXY CRUDE,ACTIVE,,,,single_source_unconfirmed,certification_status_unknown,True,single_source
IS 455,IS 455:2015,2015,Portland Slag Cement — Specification,ACTIVE,Construction Materials - Cement,Cement & Concrete,True,needs_review,full_text_edition_older_than_current_edition|source_conflict_present,True,multi_source
IS 456,IS 456:2000,2000,Plain and Reinforced Concrete — Code of Practice,ACTIVE,Construction Materials - Concrete,Structural Concrete,False,verified_multi_source,no_full_text|amendment_or_verification_data_self_asserted_not_network_verified,False,multi_source
IS 458,IS 458:2021,2021,Precast Concrete Pipes (With and Without Reinforcement) - Specification,ACTIVE,Civil & Construction,,True,needs_review,full_text_edition_older_than_current_edition|source_conflict_present,True,multi_source
IS 459,IS 459:1992,1992,CORRUGATED AND SEMI-CORRUGATED ASBESTOS,ACTIVE,,,,single_source_unconfirmed,certification_status_unknown,True,single_source
IS 503,IS 503,,"Specification for Bedsteads, Hospital, General Purposes",ACTIVE,Medical & Healthcare,Hospital Furniture,True,single_source_unconfirmed,no_full_text,False,single_source
IS 504,IS 504,,"Specification for Bedsteads, Hospital, Special Purposes",ACTIVE,Medical & Healthcare,Hospital Furniture,True,single_source_unconfirmed,no_full_text,False,single_source
IS 513,IS 513:1994,1994,COLD ROLLED LOW CARBON STEEL,ACTIVE,,,,single_source_unconfirmed,certification_status_unknown,True,single_source
IS 513 (Part 1),IS 513 (Part 1):2016,2016,Cold Reduced Carbon Steel Sheet and Strip - Part 1: Cold Forming and Drawing Steel,ACTIVE,Civil & Construction,,True,verified_multi_source,no_full_text,False,multi_source
IS 513 (Part 2),IS 513 (Part 2),,Cold Reduced Carbon Steel Sheet And Strip Part2High Tensile And Multi-phase Steel,ACTIVE,Steel & Metallurgy,,True,single_source_unconfirmed,no_scope_or_description|no_full_text,False,single_source
IS 516 (Part 1/Sec 1),IS 516 (Part 1/Sec 1):2021,2021,"Hardened Concrete - Methods of Test - Compressive, Flexural and Split Tensile Strength",ACTIVE,Civil & Construction,,False,single_source_unconfirmed,no_full_text,False,single_source
IS 517,IS 517:2020,2020,Methanol (Methyl Alcohol) - Specification,ACTIVE,Chemicals,,True,single_source_unconfirmed,no_full_text,False,single_source
IS 539,IS 539,,Naphthalene,ACTIVE,General Engineering & Consumer Goods,,,single_source_unconfirmed,no_scope_or_description|no_full_text|certification_status_unknown,False,single_source
IS 550 (Part 1),IS 550 (Part 1),,Safes Part 1 Specification,ACTIVE,General Engineering & Consumer Goods,,,single_source_unconfirmed,no_scope_or_description|no_full_text|certification_status_unknown,False,single_source
IS 573,IS 573,,Trisodium Phosphate,ACTIVE,General Engineering & Consumer Goods,,,single_source_unconfirmed,no_scope_or_description|no_full_text|certification_status_unknown,False,single_source
IS 612,IS 612,,Roasted Chicory Powder,ACTIVE,Food & Agriculture,,,single_source_unconfirmed,no_scope_or_description|no_full_text|certification_status_unknown,False,single_source
IS 616,IS 616:2017,2017,Application Guide for Bright Rolled Steel Furniture Strip,ACTIVE,Furniture & Fixtures,Audio/Video Displays,,needs_review,no_full_text|source_conflict_present|certification_status_disputed_across_sources|certification_status_unknown,False,multi_source
IS 623,IS 623,,Bicycle - Bicycle Frames ( Amalgamating Si 3404: 1979),ACTIVE,General Engineering & Consumer Goods,,,single_source_unconfirmed,no_scope_or_description|no_full_text|certification_status_unknown,False,single_source
IS 636,IS 636,,Non-percolating Flexible Fire Fighting Delivery Hose - Specification,ACTIVE,General Engineering & Consumer Goods,,,single_source_unconfirmed,no_scope_or_description|no_full_text|certification_status_unknown,False,single_source
IS 638,IS 638:1979,1979,Sheet Rubber Jointing And Rubber Insertion Jointing,ACTIVE,"Plastics, Chemicals & Rubber",,,verified_multi_source,certification_status_unknown,True,multi_source
IS 648,IS 648,,Cold Rolled Non-oriented Electrical Steel Sheet And Strip - Fully Processed Type,ACTIVE,Steel & Metallurgy,,True,single_source_unconfirmed,no_scope_or_description|no_full_text,False,single_source
IS 650,IS 650,,Specification For Standard Sand For Testing Of Cement,ACTIVE,Civil & Construction Materials,,True,single_source_unconfirmed,no_scope_or_description|no_full_text,False,single_source
IS 651,IS 651:1992,1992,Glazed Stoneware Pipe And Fittings -,ACTIVE,Steel & Metallurgy,,True,verified_multi_source,,True,multi_source
IS 653,IS 653:1992,1992,LINOLEUM SHEET  AND TILES,ACTIVE,,,,single_source_unconfirmed,certification_status_unknown,True,single_source
IS 654,IS 654:1992,1992,"CLAY ROOFING TILES, MANGALORE PATTERN",ACTIVE,,,,single_source_unconfirmed,certification_status_unknown,True,single_source
IS 694,IS 694:2010,2010,PVC Insulated Cables for Working Voltages up to and Including 1100 V,ACTIVE,Electrical - Cables,Wires & Cables,True,needs_review,full_text_edition_older_than_current_edition|source_conflict_present|amendment_or_verification_data_self_asserted_not_network_verified,True,multi_source
IS 702,IS 702:1988,1988,Industrial Bitumen,ACTIVE,General Engineering & Consumer Goods,,,verified_multi_source,certification_status_unknown,True,multi_source
IS 710,IS 710:2010,2010,Marine Plywood -specification,ACTIVE,Civil & Construction Materials,Wood & Plywood,True,single_source_unconfirmed,no_full_text,False,single_source
IS 712,IS 712:1984,1984,Specification For Building Limes,ACTIVE,General Engineering & Consumer Goods,,,verified_multi_source,certification_status_unknown,True,multi_source
IS 723,IS 723:1972,1972,Steel Countersunk Head Wire Nails,ACTIVE,Steel & Metallurgy,,True,verified_multi_source,,True,multi_source
IS 724,IS 724:1964,1964,"MILD STEEL AND BRASS CUP, RULER AND SQUARE",ACTIVE,,,,single_source_unconfirmed,certification_status_unknown,True,single_source
IS 725,IS 725:1961,1961,COPPER WIRE NAILS,ACTIVE,,,,single_source_unconfirmed,certification_status_unknown,True,single_source
IS 730,IS 730:1978,1978,HOOK BOLTS FOR CORRUGATED SHEET ROOFING,ACTIVE,,,,single_source_unconfirmed,certification_status_unknown,True,single_source
IS 731,IS 731:1971,1971,Porcelain Insulators for Overhead Power Lines with a Nominal Voltage Greater than 1000 V,ACTIVE,Electrical,,True,single_source_unconfirmed,no_full_text,False,single_source
IS 732,IS 732:2019,2019,Code of Practice for Electrical Wiring Installations,ACTIVE,Electrical - Wiring,,False,verified_multi_source,no_full_text,False,multi_source
IS 733,IS 733:1983,1983,"Wrought Aluminium And Aluminium Alloy Bars,Rods And Sections (for General Engineering Purposes)",ACTIVE,Steel & Metallurgy,,True,verified_multi_source,,True,multi_source
IS 736,IS 736:1986,1986,WROUGHT ALUMINIUM AND ALUMINIUM ALLOY,ACTIVE,,,,single_source_unconfirmed,certification_status_unknown,True,single_source
IS 737,IS 737:1986,1986,WROUGHT ALUMINIUM AND ALUMINIUM ALLOY,ACTIVE,,,,single_source_unconfirmed,certification_status_unknown,True,single_source
IS 738,IS 738:1994,1994,"Wrought Aluminium Alloys, Drawn Tube For General Engineering Purposes",ACTIVE,Steel & Metallurgy,,True,verified_multi_source,,True,multi_source
IS 739,IS 739:1992,1992,WROUGHT ALUMINIUM AND ALUMINIUM,ACTIVE,,,,single_source_unconfirmed,certification_status_unknown,True,single_source
IS 740,IS 740:1977,1977,WROUGHT ALUMINIUM ALLOY RIVET STOCK FOR,ACTIVE,,,,single_source_unconfirmed,certification_status_unknown,True,single_source
IS 758,IS 758,,"Handloom Cotton Gauze, Absorbent, Non-sterilized",ACTIVE,Textiles & Garments,,,single_source_unconfirmed,no_scope_or_description|no_full_text|certification_status_unknown,False,single_source
IS 771 (Part 1),IS 771 (Part 1):1979,1979,GLAZED FIRE–CLAY SANITARY,ACTIVE,,,,single_source_unconfirmed,certification_status_unknown,True,single_source
IS 771 (Part 2),IS 771 (Part 2):1985,1985,GLAZED FIRE – CLAY SANITARY,ACTIVE,,,,single_source_unconfirmed,certification_status_unknown,True,single_source
IS 771 (Part 5),IS 771 (Part 5):1979,1979,"GLAZED FIRE  CLAY APPLIANCES,",ACTIVE,,,,single_source_unconfirmed,certification_status_unknown,True,single_source
IS 771 (Part 7),IS 771 (Part 7):1981,1981,GLAZED FIRE CLAY SANITARY,ACTIVE,,,,single_source_unconfirmed,certification_status_unknown,True,single_source
IS 772,IS 772:1973,1973,GENERAL  REQUIREMENT FOR ENAMELLED CAST,ACTIVE,,,,single_source_unconfirmed,certification_status_unknown,True,single_source
IS 773,IS 773:1988,1988,"ENAMELLED CAST IRON WATER–CLOSETS,",ACTIVE,,,,single_source_unconfirmed,certification_status_unknown,True,single_source
IS 774,IS 774:2004,2004,Flushing Cistern For Water Closets And Urinals (other Than Plastic Cisterns) -,ACTIVE,"Plastics, Chemicals & Rubber",,,verified_multi_source,certification_status_unknown,True,multi_source
IS 775,IS 775:1970,1970,CAST IRON BRACKETS AND SUPPORTS,ACTIVE,,,,single_source_unconfirmed,certification_status_unknown,True,single_source
IS 778,IS 778:1984,1984,"Specification for Copper Alloy Gate, Globe and Check Valves for Water Works Purposes",ACTIVE,Mechanical,,True,verified_multi_source,,True,multi_source
IS 779,IS 779:1994,1994,Water Meters (Domestic Type) - Specification,ACTIVE,Mechanical,,True,verified_multi_source,,True,multi_source
IS 781,IS 781:1984,1984,Cast Copper Alloy Screw Down Bib Taps And Stop Valves For Water Services,ACTIVE,Steel & Metallurgy,,True,verified_multi_source,,True,multi_source
IS 782,IS 782:1978,1978,CAULKING LEAD,ACTIVE,,,,single_source_unconfirmed,certification_status_unknown,True,single_source
IS 783,IS 783:1985,1985,Code of Practice for Laying of Concrete Pipes,ACTIVE,Civil & Construction,,False,single_source_unconfirmed,no_full_text,False,single_source
IS 784,IS 784:2001,2001,PRESTRESSED CONCRETE PIPES,ACTIVE,,,,single_source_unconfirmed,certification_status_unknown,True,single_source
IS 797,IS 797,,Common Salt For Chemical Industries,ACTIVE,"Plastics, Chemicals & Rubber",,,single_source_unconfirmed,no_scope_or_description|no_full_text|certification_status_unknown,False,single_source
IS 800,IS 800:2007,2007,General Construction in Steel — Code of Practice,ACTIVE,Structural Steel,,False,verified_multi_source,no_full_text,False,multi_source
IS 804,IS 804:1967,1967,RECTANGULAR PRESSED STEEL TANKS,ACTIVE,,,,single_source_unconfirmed,certification_status_unknown,True,single_source
IS 808,IS 808:1989,1989,"DIMENSIONS FOR HOT ROLLED STEELBEAM,",ACTIVE,,,,single_source_unconfirmed,certification_status_unknown,True,single_source
IS 809,IS 809:1992,1992,RUBBER FLOORING MATERIALS,ACTIVE,,,,single_source_unconfirmed,certification_status_unknown,True,single_source
IS 811,IS 811:1987,1987,COLD FORMED LIGHT GAUGE STRUCTURAL STEEL,ACTIVE,,,,single_source_unconfirmed,certification_status_unknown,True,single_source
IS 814,IS 814:2004,2004,Covered Electrodes For Manual Metal Arc Welding Of Carbon And Carbon Manganese Steel,ACTIVE,Steel & Metallurgy,,True,verified_multi_source,,True,multi_source
IS 848,IS 848,,Specification For Synthetic Resin Adhesives For Plywood (phenolic And Aminoplastic) -,ACTIVE,Civil & Construction Materials,,True,single_source_unconfirmed,no_scope_or_description|no_full_text,False,single_source
IS 849,IS 849:1994,1994,COLD SETTING CASE IN GLUE FOR WOOD,ACTIVE,,,,single_source_unconfirmed,certification_status_unknown,True,single_source
IS 851,IS 851:1978,1978,SYNTHETIC RESIN ADHESIVES FOR CONSTRUCTION,ACTIVE,,,,single_source_unconfirmed,certification_status_unknown,True,single_source
IS 852,IS 852:1994,1994,ANIMAL GLUE FOR GENERAL WOOD-WORKING,ACTIVE,,,,single_source_unconfirmed,certification_status_unknown,True,single_source
IS 863,IS 863,,"Handloom Cotton Bandage Cloth, Non-sterilized",ACTIVE,Textiles & Garments,,,single_source_unconfirmed,no_scope_or_description|no_full_text|certification_status_unknown,False,single_source
IS 868,IS 868,,Sealing Wax,ACTIVE,General Engineering & Consumer Goods,,,single_source_unconfirmed,no_scope_or_description|no_full_text|certification_status_unknown,False,single_source
IS 875 (Part 1),IS 875 (Part 1):1987,1987,Structural Design Dead and Imposed Loads,ACTIVE,Structural Engineering & Codes,Design Loads,,verified_multi_source,certification_status_unknown,True,multi_source
IS 875 (Part 2),IS 875 (Part 2):1987,1987,Structural Design Dead and Imposed Loads,ACTIVE,Structural Engineering & Codes,Design Loads,,single_source_unconfirmed,no_full_text|certification_status_unknown,False,single_source
IS 875 (Part 3),IS 875 (Part 3):2015,2015,Structural Design Dead and Imposed Loads,ACTIVE,Structural Engineering & Codes,Design Loads,,single_source_unconfirmed,no_full_text|certification_status_unknown,False,single_source
IS 876,IS 876:1992,1992,WOOD POLES  FOR OVER HEAD POWER,ACTIVE,,,,single_source_unconfirmed,certification_status_unknown,True,single_source
IS 878,IS 878,,Laboratory Glassware - Graduated Measuring Cylinders,ACTIVE,General Engineering & Consumer Goods,,,single_source_unconfirmed,no_scope_or_description|no_full_text|certification_status_unknown,False,single_source
IS 884,IS 884,,Specification For First-aid Hose-reel For Fire Fighting,ACTIVE,General Engineering & Consumer Goods,,,single_source_unconfirmed,no_scope_or_description|no_full_text|certification_status_unknown,False,single_source
IS 899,IS 899,,Tapioca Sago (saboodana),ACTIVE,General Engineering & Consumer Goods,,,single_source_unconfirmed,no_scope_or_description|no_full_text|certification_status_unknown,False,single_source
IS 900,IS 900:1992,1992,Code of Practice for Installation and Maintenance of Induction Motors,ACTIVE,Electrical - Motors,,False,verified_multi_source,no_full_text,False,multi_source
IS 903,IS 903:1993,1993,"Specification For Fire Hose Delivery Couplings,Branch Pipe,Nozzles And Nozzle Spanner - Specification",ACTIVE,Fire Safety & Protection,Fire Fighting Fittings,True,single_source_unconfirmed,no_full_text,False,single_source
IS 915,IS 915,,Laboratory Glassware - One-mark Volumetric Flasks,ACTIVE,General Engineering & Consumer Goods,,,single_source_unconfirmed,no_scope_or_description|no_full_text|certification_status_unknown,False,single_source
IS 916,IS 916,,Square Tins For Solid Products,ACTIVE,General Engineering & Consumer Goods,,,single_source_unconfirmed,no_scope_or_description|no_full_text|certification_status_unknown,False,single_source
IS 996,IS 996:2009,2009,Single-Phase Small AC and Universal Electric Motors,ACTIVE,Electrical,Electric Motors,True,verified_multi_source,no_full_text,False,multi_source
IS 1003 (Part 1),IS 1003 (Part 1):2003,2003,TIMBER PANELLED AND GLAZED,ACTIVE,,,,single_source_unconfirmed,certification_status_unknown,True,single_source
IS 1003 (Part 2),IS 1003 (Part 2):1994,1994,TIMBER PANELLED AND,ACTIVE,,,,single_source_unconfirmed,certification_status_unknown,True,single_source
IS 1008,IS 1008,,Sugar Boiled Confectionery,ACTIVE,General Engineering & Consumer Goods,,,single_source_unconfirmed,no_scope_or_description|no_full_text|certification_status_unknown,False,single_source
IS 1011,IS 1011,,Biscuits,ACTIVE,Food & Agriculture,,,single_source_unconfirmed,no_scope_or_description|no_full_text|certification_status_unknown,False,single_source
IS 1019,IS 1019:1974,1974,RIM LATCHES,ACTIVE,,,,single_source_unconfirmed,certification_status_unknown,True,single_source
IS 1030,IS 1030:1998,1998,Carbon Steel Castings for General Engineering Purposes,ACTIVE,Metals & Castings,,False,single_source_unconfirmed,no_full_text,False,single_source
IS 1038,IS 1038:1983,1983,"Specification For Steel Doors, Windows And Ventilators",ACTIVE,Steel & Metallurgy,,True,verified_multi_source,,True,multi_source
IS 1051,IS 1051,,Pyrethrum Extracts,ACTIVE,General Engineering & Consumer Goods,,,single_source_unconfirmed,no_scope_or_description|no_full_text|certification_status_unknown,False,single_source
IS 1061,IS 1061,,"Disinfectant Fluids, Phenolic Type",ACTIVE,General Engineering & Consumer Goods,,,single_source_unconfirmed,no_scope_or_description|no_full_text|certification_status_unknown,False,single_source
IS 1065,IS 1065:1989,1989,"Bleaching Powder, Stable - Specification",ACTIVE,Chemicals,,True,single_source_unconfirmed,no_full_text,False,single_source
IS 1065 (Part 1),IS 1065 (Part 1),,Stable Bleaching Powder Â Specification Part 1 Household And Industrial Use,ACTIVE,Food & Agriculture,,,single_source_unconfirmed,no_scope_or_description|no_full_text|certification_status_unknown,False,single_source
IS 1065 (Part 2),IS 1065 (Part 2),,Stable Bleaching PowderÂSpecification Part2For Water Treatment For Drinking Purposes,ACTIVE,Food & Agriculture,,,single_source_unconfirmed,no_scope_or_description|no_full_text|certification_status_unknown,False,single_source
IS 1070,IS 1070:1992,1992,Water for Analytical Laboratory Use - Specification,ACTIVE,Chemicals,,False,single_source_unconfirmed,no_full_text,False,single_source
IS 1077,IS 1077:1992,1992,Common Burnt Clay Building Bricks — Specification,ACTIVE,Construction Materials - Masonry,,False,verified_multi_source,,True,multi_source
IS 1079,IS 1079:2017,2017,Hot Rolled Carbon Steel Sheet and Strip - Specification,ACTIVE,Civil & Construction,,True,needs_review,full_text_edition_older_than_current_edition|source_conflict_present,True,multi_source
IS 1110,IS 1110,,Ferrosilicon,ACTIVE,Steel & Metallurgy,,True,single_source_unconfirmed,no_scope_or_description|no_full_text,False,single_source
IS 1120,IS 1120:1975,1975,COACH SCREW,ACTIVE,,,,single_source_unconfirmed,certification_status_unknown,True,single_source
IS 1127,IS 1127:1970,1970,DIMENSIONS AND WORKMANSHIP OF NATURAL,ACTIVE,,,,single_source_unconfirmed,certification_status_unknown,True,single_source
IS 1128,IS 1128:1974,1974,LIMESTONE (SLAB AND  TILES),ACTIVE,,,,single_source_unconfirmed,certification_status_unknown,True,single_source
IS 1130,IS 1130:1969,1969,"MARBLE  (BLOCKS, SLABS AND TILES)",ACTIVE,,,,single_source_unconfirmed,certification_status_unknown,True,single_source
IS 1148,IS 1148:1982,1982,HOT  ROLLED  STEEL RIVETS  BARS,ACTIVE,,,,single_source_unconfirmed,certification_status_unknown,True,single_source
IS 1149,IS 1149:1982,1982,HIGH  TENSILE STEEL RIVETS BARS,ACTIVE,,,,single_source_unconfirmed,certification_status_unknown,True,single_source
IS 1155,IS 1155,,Wheat Atta,ACTIVE,General Engineering & Consumer Goods,,,single_source_unconfirmed,no_scope_or_description|no_full_text|certification_status_unknown,False,single_source
IS 1159,IS 1159,,Baking Powder,ACTIVE,Food & Agriculture,,,single_source_unconfirmed,no_scope_or_description|no_full_text|certification_status_unknown,False,single_source
IS 1161,IS 1161:2014,2014,Steel Tubes for Structural Purposes - Specification,ACTIVE,Civil & Construction,,True,needs_review,full_text_edition_older_than_current_edition|source_conflict_present,True,multi_source
IS 1165,IS 1165:2002,2002,Milk-Powder - Specification,ACTIVE,Food & Agriculture,Dairy Products,True,verified_multi_source,no_full_text,False,multi_source
IS 1166,IS 1166:2020,2020,"Condensed Milk, Partly Skimmed and Skimmed Condensed Milk - Specification",ACTIVE,Food & Agriculture,Dairy Products,True,needs_review,no_full_text|source_conflict_present,False,multi_source
IS 1172,IS 1172:1993,1993,"Code of Basic Requirements for Water Supply, Drainage and Sanitation",ACTIVE,Mechanical,,False,single_source_unconfirmed,no_full_text,False,single_source
IS 1173,IS 1173:1978,1978,HOT ROLLED AND SLIT STEEL TEE BARS,ACTIVE,,,,single_source_unconfirmed,certification_status_unknown,True,single_source
IS 1179,IS 1179:2002,2002,Equipment for Eye and Face Protection During Welding Operations — Specification,ACTIVE,HEALTHCARE,,,unverified,no_full_text|demo_only_unverified_source|certification_status_unknown,False,demo_only
IS 1180 (Part 1),IS 1180 (Part 1):2014,2014,"Outdoor Type Oil Immersed Distribution Transformers up to and including 2500 kVA, 33 kV",ACTIVE,Electrical,Transformers,True,verified_multi_source,no_full_text,False,multi_source
IS 1180 (Part 3),IS 1180 (Part 3),,"Outdoor/Indoor Type Liquid Immersed Distribution Transformers Up to and Including 2 500 k VA, 33 k V — Specification Part 3 Natural/Synthetic Organic Ester Liquid Immersed",ACTIVE,General Engineering & Consumer Goods,,,single_source_unconfirmed,no_scope_or_description|no_full_text|certification_status_unknown,False,single_source
IS 1195,IS 1195:2002,2002,BITUMEN MASTIC FOR FLOORING,ACTIVE,,,,single_source_unconfirmed,certification_status_unknown,True,single_source
IS 1199 (Part 2),IS 1199 (Part 2):2018,2018,"Fresh Concrete - Methods of Sampling, Testing and Analysis - Workability and Consistency",ACTIVE,Civil & Construction,,False,single_source_unconfirmed,no_full_text,False,single_source
IS 1200 (Part 1),IS 1200 (Part 1):1992,1992,Method of Measurement of Building and Civil Engineering Works - Earthwork,ACTIVE,Civil & Construction,,False,single_source_unconfirmed,no_full_text,False,single_source
IS 1200 (Part 2),IS 1200 (Part 2):1974,1974,Method of Measurement of Building and Civil Engineering Works - Concrete Works,ACTIVE,Civil & Construction,,False,single_source_unconfirmed,no_full_text,False,single_source
IS 1223,IS 1223,,Apparatus For Determination Of Milk Fat By Gerber Method,ACTIVE,Food & Agriculture,,,single_source_unconfirmed,no_scope_or_description|no_full_text|certification_status_unknown,False,single_source
IS 1230,IS 1230:1979,1979,CAST IRON RAINWATER PIPES AND FITTINGS,ACTIVE,,,,single_source_unconfirmed,certification_status_unknown,True,single_source
IS 1237,IS 1237:1980,1980,Cement Concrete Flooring Tiles - Specification,ACTIVE,Civil & Construction Materials,,True,verified_multi_source,,True,multi_source
IS 1239 (Part 1),IS 1239 (Part 1):2004,2004,"Steel Tubes, Tubulars and Other Wrought Steel Fittings — Mild Steel Tubes",ACTIVE,Structural Steel - Pipes,Steel Tubes & Pipes,True,verified_multi_source,amendment_or_verification_data_self_asserted_not_network_verified,True,multi_source
IS 1239 (Part 2),IS 1239 (Part 2):2011,2011,"Mild Steel Tubes, Tubulars and Other Wrought Steel Fittings - Part 2: Mild Steel Tubulars and Fittings",ACTIVE,Civil & Construction,,True,needs_review,no_full_text|source_conflict_present|amendment_or_verification_data_self_asserted_not_network_verified,False,multi_source
IS 1251,IS 1251,,"Zinc Phosphide, Technical",ACTIVE,General Engineering & Consumer Goods,,,single_source_unconfirmed,no_scope_or_description|no_full_text|certification_status_unknown,False,single_source
IS 1254,IS 1254:1991,1991,CORRUGATED ALUMINIUM SHEET,ACTIVE,,,,single_source_unconfirmed,certification_status_unknown,True,single_source
IS 1255,IS 1255:1983,1983,Code of Practice for Installation and Maintenance of Power Cables up to and including 33 kV Rating,ACTIVE,Electrical,,False,single_source_unconfirmed,no_full_text,False,single_source
IS 1258,IS 1258,,Bayonet Lamp Holders,ACTIVE,General Engineering & Consumer Goods,,,single_source_unconfirmed,no_scope_or_description|no_full_text|certification_status_unknown,False,single_source
IS 1278,IS 1278:1972,1972,FILLER RODS FOR GAS WELDING,ACTIVE,,,,single_source_unconfirmed,certification_status_unknown,True,single_source
IS 1285,IS 1285:2002,2002,Wrought Aluminium And Aluminium Alloys-Extruded Round Tube And Hollow Sections For General Engineering Purposes,ACTIVE,Steel & Metallurgy,,True,verified_multi_source,,True,multi_source
IS 1293,IS 1293:2019,2019,Plugs and Socket-Outlets of Rated Voltage up to and including 250 Volts and Rated Current up to and including 16 Amperes,ACTIVE,Electrical,,True,needs_review,full_text_edition_older_than_current_edition|source_conflict_present,True,multi_source
IS 1319,IS 1319,,Edible Tapioca Starch,ACTIVE,General Engineering & Consumer Goods,,,single_source_unconfirmed,no_scope_or_description|no_full_text|certification_status_unknown,False,single_source
IS 1321 (Part 1),IS 1321 (Part 1),,Sisal Ropes - Part 1 : Untarred Varieties,ACTIVE,General Engineering & Consumer Goods,,,single_source_unconfirmed,no_scope_or_description|no_full_text|certification_status_unknown,False,single_source
IS 1322,IS 1322:1993,1993,Bitumen Felts For Water Proofing And Damp-proofing,ACTIVE,General Engineering & Consumer Goods,,,verified_multi_source,certification_status_unknown,True,multi_source
IS 1326,IS 1326:1992,1992,NON-CONIFEROUS  SAWN TIMBER,ACTIVE,,,,single_source_unconfirmed,certification_status_unknown,True,single_source
IS 1328,IS 1328:1996,1996,Veneered Decorative Plywood -specification,ACTIVE,Civil & Construction Materials,,True,verified_multi_source,,True,multi_source
IS 1341,IS 1341:1992,1992,Steel Butt Hinges -,ACTIVE,Steel & Metallurgy,,True,verified_multi_source,,True,multi_source
IS 1361,IS 1361:1978,1978,STEEL WINDOWS FOR INDUSTRIAL BUILDINGS,ACTIVE,,,,single_source_unconfirmed,certification_status_unknown,True,single_source
IS 1363 (Part 1),IS 1363 (Part 1):2019,2019,"Hexagon Head Bolts, Screws and Nuts of Product Grade C - Part 1: Hexagon Head Bolts",ACTIVE,Civil & Construction,,True,needs_review,full_text_edition_older_than_current_edition|source_conflict_present,True,multi_source
IS 1363 (Part 2),IS 1363 (Part 2):2002,2002,ISO 4018 : 1999,ACTIVE,,,,single_source_unconfirmed,certification_status_unknown,True,single_source
IS 1363 (Part 3),IS 1363 (Part 3):2002,2002,"Hexagon Head Bolts,Screws And Nuts Of Product Grade C-Part3: Hexagon Nuts (size Range M5 To M64)",ACTIVE,General Engineering & Consumer Goods,,,verified_multi_source,certification_status_unknown,True,multi_source
IS 1364 (Part 1),IS 1364 (Part 1):2002,2002,ISO 4014 : 1999,ACTIVE,,,,single_source_unconfirmed,certification_status_unknown,True,single_source
IS 1364 (Part 2),IS 1364 (Part 2):2002,2002,ISO 4017 : 1999,ACTIVE,,,,single_source_unconfirmed,certification_status_unknown,True,single_source
IS 1364 (Part 3),IS 1364 (Part 3):2002,2002,ISO 4032 : 1999,ACTIVE,,,,single_source_unconfirmed,certification_status_unknown,True,single_source
IS 1364 (Part 4),IS 1364 (Part 4):2003,2003,ISO 4035 : 1999,ACTIVE,,,,single_source_unconfirmed,certification_status_unknown,True,single_source
IS 1364 (Part 5),IS 1364 (Part 5):2002,2002,ISO 4036 : 1999,ACTIVE,,,,single_source_unconfirmed,certification_status_unknown,True,single_source
IS 1365,IS 1365:1978,1978,SLOTTED COUNTERSUNK HEAD SCREWS,ACTIVE,,,,single_source_unconfirmed,certification_status_unknown,True,single_source
IS 1366,IS 1366:2002,2002,ISO 1207 - 1992 SLOTTED,ACTIVE,,,,single_source_unconfirmed,certification_status_unknown,True,single_source
IS 1367 (Part 3),IS 1367 (Part 3):2017,2017,"Technical Supply Conditions for Threaded Steel Fasteners - Property Classes of Bolts, Screws and Studs",ACTIVE,Civil & Construction,,True,single_source_unconfirmed,no_full_text,False,single_source
IS 1374,IS 1374,,Poultry Feeds,ACTIVE,Food & Agriculture,,,single_source_unconfirmed,no_scope_or_description|no_full_text|certification_status_unknown,False,single_source
IS 1387,IS 1387:1993,1993,General Requirements for Supply of Steel,ACTIVE,Testing & Normative Reference,,,single_source_unconfirmed,no_full_text|certification_status_unknown,False,single_source
IS 1391 (Part 1),IS 1391 (Part 1):2017,2017,Room Air Conditioners — Part 1: Unitary Air Conditioners (Window AC Units),ACTIVE,Domestic & Consumer Appliances,HVAC & Air Conditioning,True,single_source_unconfirmed,no_full_text,False,single_source
IS 1391 (Part 2),IS 1391 (Part 2):2018,2018,Room Air Conditioners Part 2 Split Air Conditioners,ACTIVE,Domestic & Consumer Appliances,HVAC & Air Conditioning,True,single_source_unconfirmed,no_full_text,False,single_source
IS 1395,IS 1395:1982,1982,LOW AND MEDIUM ALLOY STEEL COVERED,ACTIVE,,,,single_source_unconfirmed,certification_status_unknown,True,single_source
IS 1417,IS 1417:2016,2016,"Gold and Gold Alloys, Silver and Silver Alloys Jewellery/Artefacts - Fineness and Marking",ACTIVE,Electronics & IT,Jewellery & Artefacts,True,verified_multi_source,no_full_text,False,multi_source
IS 1422,IS 1422,,Cotton Duck,ACTIVE,Textiles & Garments,,,single_source_unconfirmed,no_scope_or_description|no_full_text|certification_status_unknown,False,single_source
IS 1445,IS 1445:1977,1977,Porcelain Insulators for Overhead Power Lines with a Nominal Voltage up to and including 1000 V,ACTIVE,Electrical,,True,single_source_unconfirmed,no_full_text,False,single_source
IS 1460,IS 1460:2017,2017,Automotive Diesel Fuels - Specification,ACTIVE,Mechanical,,True,single_source_unconfirmed,no_full_text,False,single_source
IS 1464,IS 1464:1992,1992,CLAY RIDGE AND  CEILING TILES,ACTIVE,,,,single_source_unconfirmed,certification_status_unknown,True,single_source
IS 1475 (Part 1),IS 1475 (Part 1),,Self-contained Drinking Water Coolers-Part1:Energy Consumption And Performance,ACTIVE,General Engineering & Consumer Goods,,,single_source_unconfirmed,no_scope_or_description|no_full_text|certification_status_unknown,False,single_source
IS 1478,IS 1478:1992,1992,CLAY FLOORING  TILES,ACTIVE,,,,single_source_unconfirmed,certification_status_unknown,True,single_source
IS 1488,IS 1488,,"Pesticides - 2, 4-d Sodium Salt, Technical",ACTIVE,"Plastics, Chemicals & Rubber",,,single_source_unconfirmed,no_scope_or_description|no_full_text|certification_status_unknown,False,single_source
IS 1489 (Part 1),IS 1489 (Part 1):2015,2015,Portland Pozzolana Cement — Fly Ash Based — Specification,ACTIVE,Construction Materials - Cement,Cement & Concrete,True,needs_review,full_text_edition_older_than_current_edition|source_conflict_present|amendment_or_verification_data_self_asserted_not_network_verified,True,multi_source
IS 1489 (Part 2),IS 1489 (Part 2):2015,2015,Portland Pozzolana Cement - Specification - Part 2: Calcined Clay Based,ACTIVE,Civil & Construction,Cement & Concrete,True,needs_review,full_text_edition_older_than_current_edition|source_conflict_present,True,multi_source
IS 1507,IS 1507,,Specification For Copper Oxychloride Water Dispersible Powder Concentrates,ACTIVE,Food & Agriculture,,,single_source_unconfirmed,no_scope_or_description|no_full_text|certification_status_unknown,False,single_source
IS 1520,IS 1520:1980,1980,"Horizontal Centrifugal Pumps for Clear, Cold, Fresh Water",ACTIVE,Mechanical,,True,single_source_unconfirmed,no_full_text,False,single_source
IS 1536,IS 1536:2001,2001,"Centrifugally Cast (Spun) Iron Pressure Pipes for Water, Gas and Sewage",ACTIVE,Civil & Construction,,True,verified_multi_source,,True,multi_source
IS 1537,IS 1537:1976,1976,"Vertically Cast Iron Pressure Pipes For Water, Gas And Sewage",ACTIVE,Steel & Metallurgy,,True,verified_multi_source,,True,multi_source
IS 1538,IS 1538:1993,1993,"Cast Iron Fittings for Pressure Pipes for Water, Gas and Sewage",ACTIVE,Civil & Construction,,True,verified_multi_source,,True,multi_source
IS 1542,IS 1542:1992,1992,SAND FOR  PLASTER,ACTIVE,,,,single_source_unconfirmed,certification_status_unknown,True,single_source
IS 1548,IS 1548:1981,1981,Manual on Food Hygiene - General Principles,ACTIVE,Food & Agriculture,,False,single_source_unconfirmed,no_full_text,False,single_source
IS 1551,IS 1551,,Carbon Papers For Typewriter,ACTIVE,General Engineering & Consumer Goods,,,single_source_unconfirmed,no_scope_or_description|no_full_text|certification_status_unknown,False,single_source
IS 1554 (Part 1),IS 1554 (Part 1):1988,1988,PVC Insulated (Heavy Duty) Electric Cables for Working Voltages up to 1100 V,ACTIVE,Electrical - Cables,,True,verified_multi_source,amendment_or_verification_data_self_asserted_not_network_verified,True,multi_source
IS 1554 (Part 2),IS 1554 (Part 2),,"Pvc Insulated (heavy Duty) Electric Cables - Part 2 : For Working Voltages From 3""3 Kv Up To And Including 11 Kv",ACTIVE,Electrical & Electronics,,True,single_source_unconfirmed,no_scope_or_description|no_full_text,False,single_source
IS 1566,IS 1566:1982,1982,Hard-Drawn Steel Wire Fabric for Concrete Reinforcement,ACTIVE,Civil & Construction,,True,verified_multi_source,,True,multi_source
IS 1580,IS 1580:1991,1991,BITUMINOUS COMPOUNDS FOR,ACTIVE,,,,single_source_unconfirmed,certification_status_unknown,True,single_source
IS 1586,IS 1586,,Tensile Testing of Steel Products,ACTIVE,Testing & Normative Reference,,,single_source_unconfirmed,no_full_text|certification_status_unknown,False,single_source
IS 1592,IS 1592:2003,2003,ASBESTOS CEMENT PRESSURE PIPES,ACTIVE,,,,single_source_unconfirmed,certification_status_unknown,True,single_source
IS 1599,IS 1599,,Method for Bend Test on Steel,ACTIVE,Testing & Normative Reference,,,single_source_unconfirmed,no_full_text|certification_status_unknown,False,single_source
IS 1608,IS 1608:2005,2005,Metallic Materials — Tensile Testing at Ambient Temperature,ACTIVE,MECHANICAL,,,unverified,no_full_text|demo_only_unverified_source|certification_status_unknown,False,demo_only
IS 1610,IS 1610,,Household Sewing Machines - General Requirements,ACTIVE,Pumps & Mechanical Equipment,,,single_source_unconfirmed,no_scope_or_description|no_full_text|certification_status_unknown,False,single_source
IS 1626,IS 1626:1984,1984,ASBESTOS CEMENT BUILDING,ACTIVE,,,,single_source_unconfirmed,certification_status_unknown,True,single_source
IS 1626 (Part 1),IS 1626 (Part 1):1994,1994,ASBESTOS CEMENT BUILDING,ACTIVE,,,,single_source_unconfirmed,certification_status_unknown,True,single_source
IS 1626 (Part 2),IS 1626 (Part 2):1994,1994,ASBESTOS CEMENT BUILDING,ACTIVE,,,,single_source_unconfirmed,certification_status_unknown,True,single_source
IS 1626 (Part 3),IS 1626 (Part 3),,"Asbestos Cement Building Types And Pipe Fittings, Gutters And Gutter Fittings And Roofing Fittings - Part 3 : Roofing Fittings",ACTIVE,Steel & Metallurgy,,True,single_source_unconfirmed,no_scope_or_description|no_full_text,False,single_source
IS 1651,IS 1651:2013,2013,"Stationary Cells and Batteries, Lead-Acid Type (with Tubular Positive Plates)",ACTIVE,Solar Energy,,True,single_source_unconfirmed,no_full_text,False,single_source
IS 1656,IS 1656:2007,2007,Milk Cereal Based Weaning Foods - Specification,ACTIVE,Food & Agriculture,,True,verified_multi_source,no_full_text,False,multi_source
IS 1658,IS 1658:1977,1977,Fibre Hardboards -specification,ACTIVE,Civil & Construction Materials,,True,verified_multi_source,,True,multi_source
IS 1659,IS 1659:2004,2004,Block Boards -specification,ACTIVE,Civil & Construction Materials,,True,verified_multi_source,,True,multi_source
IS 1660,IS 1660,,Wrought Aluminium--utensils Specification,ACTIVE,General Engineering & Consumer Goods,,,single_source_unconfirmed,no_scope_or_description|no_full_text|certification_status_unknown,False,single_source
IS 1664,IS 1664,,Mineral Mixtures For Supplementing Cattle Feeds,ACTIVE,Food & Agriculture,,,single_source_unconfirmed,no_scope_or_description|no_full_text|certification_status_unknown,False,single_source
IS 1694,IS 1694,,"Tartrazine, Food Grade",ACTIVE,Food & Agriculture,,,single_source_unconfirmed,no_scope_or_description|no_full_text|certification_status_unknown,False,single_source
IS 1700,IS 1700:1973,1973,DRINKING FOUNTAINS,ACTIVE,,,,single_source_unconfirmed,certification_status_unknown,True,single_source
IS 1701,IS 1701:1960,1960,MIXING  VALVES FOR ABLUTIONARY AND,ACTIVE,,,,single_source_unconfirmed,certification_status_unknown,True,single_source
IS 1703,IS 1703:2000,2000,Water Fittings - Copper Alloy Float Valves (horizontal Plunger Type) -,ACTIVE,Steel & Metallurgy,,True,verified_multi_source,,True,multi_source
IS 1709,IS 1709,,Capacitors For Electric Fan Motors,ACTIVE,Electrical & Electronics,,True,single_source_unconfirmed,no_scope_or_description|no_full_text,False,single_source
IS 1711,IS 1711:1984,1984,SELF–CLOSING TAPS FOR,ACTIVE,,,,single_source_unconfirmed,certification_status_unknown,True,single_source
IS 1726,IS 1726:1991,1991,Cast Iron Manhole Covers And Frames,ACTIVE,Steel & Metallurgy,,True,verified_multi_source,,True,multi_source
IS 1729,IS 1729,,Cast Iron/ductile Iron Drainage Pipes And Pipe Fittings For Over Ground Non-pressure Pipeline Socket And Spigot Series,ACTIVE,Steel & Metallurgy,,True,single_source_unconfirmed,no_scope_or_description|no_full_text,False,single_source
IS 1730,IS 1730:1989,1989,"STEEL  PLATES SHEETS STRIPS AND FLATS, FOR",ACTIVE,,,,single_source_unconfirmed,certification_status_unknown,True,single_source
IS 1732,IS 1732:1989,1989,"STEEL BARS, ROUND AND SQUARE FOR",ACTIVE,,,,single_source_unconfirmed,certification_status_unknown,True,single_source
IS 1741,IS 1741,,Latex Foam Rubber Products,ACTIVE,"Plastics, Chemicals & Rubber",,,single_source_unconfirmed,no_scope_or_description|no_full_text|certification_status_unknown,False,single_source
IS 1742,IS 1742:1983,1983,Code of Practice for Building Drainage,ACTIVE,Mechanical,,False,single_source_unconfirmed,no_full_text,False,single_source
IS 1746,IS 1746,,"Shoe Polish, Paste",ACTIVE,General Engineering & Consumer Goods,,,single_source_unconfirmed,no_scope_or_description|no_full_text|certification_status_unknown,False,single_source
IS 1759,IS 1759,,Powrahs,ACTIVE,General Engineering & Consumer Goods,,,single_source_unconfirmed,no_scope_or_description|no_full_text|certification_status_unknown,False,single_source
IS 1783 (Part 1),IS 1783 (Part 1),,"Drums Large, Fixed Ends Specification Part 1 Grade A Drums",ACTIVE,General Engineering & Consumer Goods,,,single_source_unconfirmed,no_scope_or_description|no_full_text|certification_status_unknown,False,single_source
IS 1783 (Part 2),IS 1783 (Part 2),,"Drums, Large, Fixed Ends - Specification Part 2 Grade B Drums",ACTIVE,General Engineering & Consumer Goods,,,single_source_unconfirmed,no_scope_or_description|no_full_text|certification_status_unknown,False,single_source
IS 1784,IS 1784,,Screwed Closures For Drums,ACTIVE,General Engineering & Consumer Goods,,,single_source_unconfirmed,no_scope_or_description|no_full_text|certification_status_unknown,False,single_source
IS 1785 (Part 1),IS 1785 (Part 1),,Plain Hard-drawn Steel Wire For Prestressed Concrete: Part 1 Cold Drawn Stress-relieved Wire,ACTIVE,Steel & Metallurgy,,True,single_source_unconfirmed,no_scope_or_description|no_full_text,False,single_source
IS 1785 (Part 2),IS 1785 (Part 2):1983,1983,Plain Hard-drawn Steel Wire For Prestressed Concrete: Part 2 As Drawn Wire,ACTIVE,Steel & Metallurgy,,True,verified_multi_source,,True,multi_source
IS 1785 (Part I),IS 1785 (Part I):1983,1983,PLAIN HARD-DRAWN STEEL WIRE FOR,ACTIVE,,,,single_source_unconfirmed,certification_status_unknown,True,single_source
IS 1786,IS 1786:2008,2008,High Strength Deformed Steel Bars/Wires for Concrete Reinforcement,ACTIVE,Structural Steel,Reinforcement Bars,True,needs_review,full_text_edition_older_than_current_edition|source_conflict_present|amendment_or_verification_data_self_asserted_not_network_verified,True,multi_source
IS 1795,IS 1795:1982,1982,PILLAR TAPS FOR WATER SUPPLY PURPOSES,ACTIVE,,,,single_source_unconfirmed,certification_status_unknown,True,single_source
IS 1797,IS 1797:1985,1985,Methods of Test for Spices and Condiments,ACTIVE,Food & Agriculture,,False,single_source_unconfirmed,no_full_text,False,single_source
IS 1804,IS 1804,,Steel Wire Ropes - Fibre Main Cores,ACTIVE,Steel & Metallurgy,,True,single_source_unconfirmed,no_scope_or_description|no_full_text,False,single_source
IS 1806,IS 1806,,Malted Milk Foods,ACTIVE,Food & Agriculture,,,single_source_unconfirmed,no_scope_or_description|no_full_text|certification_status_unknown,False,single_source
IS 1823,IS 1823:1980,1980,FLOOR DOOR STOPPERS,ACTIVE,,,,single_source_unconfirmed,certification_status_unknown,True,single_source
IS 1825,IS 1825,,Specification For Aluminium Alloy Milk Cans,ACTIVE,Steel & Metallurgy,,True,single_source_unconfirmed,no_scope_or_description|no_full_text,False,single_source
IS 1826,IS 1826:1961,1961,VENETIAN BLINDS FOR WINDOWS,ACTIVE,,,,single_source_unconfirmed,certification_status_unknown,True,single_source
IS 1827,IS 1827,,"Pesticides - Dimethyl Amine Sl Salts Of 2, 4-d",ACTIVE,"Plastics, Chemicals & Rubber",,,single_source_unconfirmed,no_scope_or_description|no_full_text|certification_status_unknown,False,single_source
IS 1832,IS 1832,,"Specification For Malathion, Technical",ACTIVE,General Engineering & Consumer Goods,,,single_source_unconfirmed,no_scope_or_description|no_full_text|certification_status_unknown,False,single_source
IS 1834,IS 1834:1984,1984,HOT APPLIED SEALING COMPOUNDS,ACTIVE,,,,single_source_unconfirmed,certification_status_unknown,True,single_source
IS 1835,IS 1835,,Round Steel Wire For Ropes,ACTIVE,Steel & Metallurgy,,True,single_source_unconfirmed,no_scope_or_description|no_full_text,False,single_source
IS 1838 (Part 1),IS 1838 (Part 1),,Preformed Fillers For Expansion Joint In Concrete Pavement And Structures (non Extruding And Resilient Type): Part 1 Bitumen Impregnated Fibre - Specification,ACTIVE,Civil & Construction Materials,,True,single_source_unconfirmed,no_scope_or_description|no_full_text,False,single_source
IS 1838 (Part 2),IS 1838 (Part 2):1984,1984,PREFORMED  FILLERS FOR  EXPANSION,ACTIVE,,,,single_source_unconfirmed,certification_status_unknown,True,single_source
IS 1848 (Part 1),IS 1848 (Part 1),,"Writing And Printing Papers Specification Part1Account Book,Azure Lead, Bond, Cream Laid And Cream Wove/printing White/printing Coloured/printing Offset, Printing Maplitho, Printing White Super Calendered And Typewriting Types",ACTIVE,General Engineering & Consumer Goods,,,single_source_unconfirmed,no_scope_or_description|no_full_text|certification_status_unknown,False,single_source
IS 1848 (Part 2),IS 1848 (Part 2),,"Writing And Printing Papers Specification Part2Air Mail/manifold, Cartridge Drawing And Cartridge White,Duplicating Absorbent And Duplicating Semi-absorbent And Poster Machine Glazed Types",ACTIVE,Pumps & Mechanical Equipment,,,single_source_unconfirmed,no_scope_or_description|no_full_text|certification_status_unknown,False,single_source
IS 1852,IS 1852:1985,1985,Rolling and Cutting Tolerances for Hot Rolled Steel Products — Specification,ACTIVE,MECHANICAL,,,unverified,no_full_text|demo_only_unverified_source|certification_status_unknown,False,demo_only
IS 1855,IS 1855,,Stranded Steel Wire Ropes For Winding And Man-riding Haulages In Mines,ACTIVE,Steel & Metallurgy,,True,single_source_unconfirmed,no_scope_or_description|no_full_text,False,single_source
IS 1856,IS 1856,,Steel Wire Ropes For Haulage Purposes,ACTIVE,Steel & Metallurgy,,True,single_source_unconfirmed,no_scope_or_description|no_full_text,False,single_source
IS 1863,IS 1863:1979,1979,ROLLED  STEEL BULB FLATS,ACTIVE,,,,single_source_unconfirmed,certification_status_unknown,True,single_source
IS 1870,IS 1870,,Test Methods for Electrical Accessories,ACTIVE,Testing & Normative Reference,,,single_source_unconfirmed,no_full_text|certification_status_unknown,False,single_source
IS 1875,IS 1875,,"Carbon Steel Billets, Blooms, Slabs And Bars For Forgings",ACTIVE,Steel & Metallurgy,,True,single_source_unconfirmed,no_scope_or_description|no_full_text,False,single_source
IS 1879,IS 1879:1987,1987,Malleable Cast Iron Pipe Fittings Specification _,ACTIVE,Steel & Metallurgy,,True,verified_multi_source,no_scope_or_description,True,multi_source
IS 1893 (Part 1),IS 1893 (Part 1):2016,2016,Earthquake Resistant Design,ACTIVE,Structural Engineering & Codes,Seismic Design,,single_source_unconfirmed,no_full_text|certification_status_unknown,False,single_source
IS 1912,IS 1912,,Country Jute Twine,ACTIVE,Textiles & Garments,,,single_source_unconfirmed,no_scope_or_description|no_full_text|certification_status_unknown,False,single_source
IS 1929,IS 1929:1982,1982,HOT FORGED STEEL RIVETS FOR HOT CLOSING,ACTIVE,,,,single_source_unconfirmed,certification_status_unknown,True,single_source
IS 1932,IS 1932,,Mustard And Rape Seed Oilcake As Livestock Feed Ingredient,ACTIVE,Food & Agriculture,,,single_source_unconfirmed,no_scope_or_description|no_full_text|certification_status_unknown,False,single_source
IS 1943,IS 1943,,Textiles- A-twill Jute Bags,ACTIVE,Civil & Construction Materials,,True,single_source_unconfirmed,no_scope_or_description|no_full_text,False,single_source
IS 1948,IS 1948:1961,1961,"ALUMINIUM DOORS, WINDOWS AND",ACTIVE,,,,single_source_unconfirmed,certification_status_unknown,True,single_source
IS 1949,IS 1949:1961,1961,ALUMINIUM WINDOWS FOR,ACTIVE,,,,single_source_unconfirmed,certification_status_unknown,True,single_source
IS 1970,IS 1970,,Crop Protection Equipment — Hand-Operated Compression Knapsack Sprayer,ACTIVE,Pumps & Mechanical Equipment,,,single_source_unconfirmed,no_full_text|certification_status_unknown,False,single_source
IS 1971,IS 1971,,Crop Protection Equipment - Hand-operated Stirrup-type Sprayer,ACTIVE,General Engineering & Consumer Goods,,,single_source_unconfirmed,no_scope_or_description|no_full_text|certification_status_unknown,False,single_source
IS 1977,IS 1977:1996,1996,LOW TENSILE STRUCTURAL  STEEL,ACTIVE,,,,single_source_unconfirmed,certification_status_unknown,True,single_source
IS 1989 (Part 1),IS 1989 (Part 1),,Leather Safety Boots And Shoes - Part 1 : For Miners,ACTIVE,General Engineering & Consumer Goods,,,single_source_unconfirmed,no_scope_or_description|no_full_text|certification_status_unknown,False,single_source
IS 1989 (Part 2),IS 1989 (Part 2),,Leather Safety Boots And Shoes - Part 2 : For Heavy Metal Industries,ACTIVE,General Engineering & Consumer Goods,,,single_source_unconfirmed,no_scope_or_description|no_full_text|certification_status_unknown,False,single_source
IS 1997,IS 1997:2006,2006,Laboratory Glassware - Burettes,ACTIVE,Packaging & Containers,Metal Packaging,True,single_source_unconfirmed,no_full_text,False,single_source
IS 2002,IS 2002:1979,1979,Steel Plates For Pressure Vessels For Intermediate And High Temperature Service Including Boilers,ACTIVE,Steel & Metallurgy,,True,needs_review,source_conflict_present,True,multi_source
IS 2016,IS 2016:1967,1967,Plain Washers — Specification,ACTIVE,MECHANICAL,,,single_source_unconfirmed,certification_status_unknown,True,single_source
IS 2026 (Part 1),IS 2026 (Part 1):2011,2011,Power Transformers - Part 1: General Requirements,ACTIVE,Electrical,,True,single_source_unconfirmed,no_full_text,False,single_source
IS 2028,IS 2028,,Open-jaw Wrenches (spanners),ACTIVE,General Engineering & Consumer Goods,,,single_source_unconfirmed,no_scope_or_description|no_full_text|certification_status_unknown,False,single_source
IS 2029,IS 2029,,Ring Wrenches (spanners),ACTIVE,General Engineering & Consumer Goods,,,single_source_unconfirmed,no_scope_or_description|no_full_text|certification_status_unknown,False,single_source
IS 2036,IS 2036:1995,1995,PHENOLIC LAMINATED SHEETS,ACTIVE,,,,single_source_unconfirmed,certification_status_unknown,True,single_source
IS 2039 (Part 1 to 3),IS 2039 (Part 1 to 3),,Steel Tubes For Bicycle And Cycle Rickshaws,ACTIVE,Steel & Metallurgy,,True,single_source_unconfirmed,no_scope_or_description|no_full_text,False,single_source
IS 2041,IS 2041,,Steel Plates For Pressure Vessels Used At Moderate And Low Temperature,ACTIVE,Steel & Metallurgy,,True,single_source_unconfirmed,no_scope_or_description|no_full_text,False,single_source
IS 2046,IS 2046:1995,1995,Decorative Thermosetting Synthetic Resin Bonded Laminated Sheets,ACTIVE,"Plastics, Chemicals & Rubber",,,verified_multi_source,certification_status_unknown,True,multi_source
IS 2052,IS 2052,,Compounded Feeds For Cattle,ACTIVE,Food & Agriculture,,,single_source_unconfirmed,no_scope_or_description|no_full_text|certification_status_unknown,False,single_source
IS 2061,IS 2061,,Bicycle - Front Forks,ACTIVE,General Engineering & Consumer Goods,,,single_source_unconfirmed,no_scope_or_description|no_full_text|certification_status_unknown,False,single_source
IS 2062,IS 2062:2011,2011,Hot Rolled Medium and High Tensile Structural Steel — Specification,ACTIVE,Structural Steel,Structural Sections,True,needs_review,full_text_edition_older_than_current_edition|source_conflict_present|amendment_or_verification_data_self_asserted_not_network_verified,True,multi_source
IS 2065,IS 2065:1983,1983,Code of Practice for Water Supply in Buildings,ACTIVE,Mechanical,,False,single_source_unconfirmed,no_full_text,False,single_source
IS 2074,IS 2074,,"Ready Mixed Paint,Air Drying,Red Oxide-Zinc Chrome,Priming- Specification",ACTIVE,General Engineering & Consumer Goods,,,single_source_unconfirmed,no_scope_or_description|no_full_text|certification_status_unknown,False,single_source
IS 2082,IS 2082:2018,2018,Stationary Storage Type Electric Water Heaters (Electric Water Geysers),ACTIVE,Domestic & Consumer Appliances,Water Heaters,True,single_source_unconfirmed,no_full_text,False,single_source
IS 2086,IS 2086:1993,1993,Semi-Enclosed Electric Fuses (Rewireable Type),ACTIVE,Electrical,,True,verified_multi_source,,True,multi_source
IS 2089,IS 2089,,Common Proofed Canvas/duck And Paulins (tarpaulins),ACTIVE,General Engineering & Consumer Goods,,,single_source_unconfirmed,no_scope_or_description|no_full_text|certification_status_unknown,False,single_source
IS 2090,IS 2090:1983,1983,HIGH TENSILE STEEL BARS USED IN,ACTIVE,,,,single_source_unconfirmed,certification_status_unknown,True,single_source
IS 2095 (Part 1),IS 2095 (Part 1):1996,1996,GYPSUM PLASTER BOARDS,ACTIVE,,,,single_source_unconfirmed,certification_status_unknown,True,single_source
IS 2095 (Part 3),IS 2095 (Part 3):1996,1996,GYPSUM PLASTER BOARDS,ACTIVE,,,,single_source_unconfirmed,certification_status_unknown,True,single_source
IS 2096,IS 2096:1992,1992,ASBESTOS CEMENT FLAT SHEETS,ACTIVE,,,,single_source_unconfirmed,certification_status_unknown,True,single_source
IS 2097,IS 2097,,Foam Making Branch Pipe And Foam Inductor- Specification,ACTIVE,Steel & Metallurgy,,True,single_source_unconfirmed,no_scope_or_description|no_full_text,False,single_source
IS 2098,IS 2098:1997,1997,Asbestos Cement Building Boards -,ACTIVE,Civil & Construction Materials,,True,verified_multi_source,,True,multi_source
IS 2104,IS 2104:1981,1981,. WATER METER BOXES (DOMESTIC TYPE),ACTIVE,,,,single_source_unconfirmed,certification_status_unknown,True,single_source
IS 2112,IS 2112:2014,2014,Silver Hallmarking,ACTIVE,Precious Metals & Hallmarking,Jewellery & Artefacts,False,single_source_unconfirmed,no_full_text,False,single_source
IS 2116,IS 2116:1980,1980,SAND FOR MASONRY MORTARS,ACTIVE,,,,single_source_unconfirmed,certification_status_unknown,True,single_source
IS 2124,IS 2124,,Sodium Bicarbonate,ACTIVE,General Engineering & Consumer Goods,,,single_source_unconfirmed,no_scope_or_description|no_full_text|certification_status_unknown,False,single_source
IS 2140,IS 2140:1978,1978,STRANDED GALVANIZED STEEL WIRE FOR,ACTIVE,,,,single_source_unconfirmed,certification_status_unknown,True,single_source
IS 2141,IS 2141,,Hot Dip Galvanized Stay Strand,ACTIVE,General Engineering & Consumer Goods,,,single_source_unconfirmed,no_scope_or_description|no_full_text|certification_status_unknown,False,single_source
IS 2142,IS 2142,,"Bromine, Technical",ACTIVE,General Engineering & Consumer Goods,,,single_source_unconfirmed,no_scope_or_description|no_full_text|certification_status_unknown,False,single_source
IS 2147,IS 2147:1962,1962,Degrees of Protection Provided by Enclosures for Low-Voltage Switchgear and Controlgear,ACTIVE,Electrical,,False,single_source_unconfirmed,no_full_text,False,single_source
IS 2155,IS 2155:1982,1982,COLD FORGED SOLID STEEL RIVETS FOR HOT,ACTIVE,,,,single_source_unconfirmed,certification_status_unknown,True,single_source
IS 2180,IS 2180:1988,1988,HEAVY DUTY BURNT CLAY BUILDING BRICKS,ACTIVE,,,,single_source_unconfirmed,certification_status_unknown,True,single_source
IS 2185 (Part 1),IS 2185 (Part 1):2005,2005,Concrete Masonry Units — Hollow/Solid Concrete Blocks,ACTIVE,Construction Materials - Masonry,Masonry Units,True,needs_review,full_text_edition_older_than_current_edition|source_conflict_present,True,multi_source
IS 2185 (Part 2),IS 2185 (Part 2):1983,1983,CONCRETE MASONRY UNITS,ACTIVE,,,,single_source_unconfirmed,certification_status_unknown,True,single_source
IS 2185 (Part 3),IS 2185 (Part 3):1984,1984,Concrete Masonry Units - Autoclaved Cellular (Aerated) Concrete Blocks (AAC Blocks),ACTIVE,Civil & Construction,Masonry Units,,needs_review,source_conflict_present|certification_status_disputed_across_sources|certification_status_unknown,True,multi_source
IS 2190,IS 2190:2010,2010,"Selection, Installation and Maintenance of First-Aid Fire Extinguishers - Code of Practice",ACTIVE,Mechanical,,False,single_source_unconfirmed,no_full_text,False,single_source
IS 2191 (Part 1),IS 2191 (Part 1):1983,1983,WOODEN FLUSH DOOR SHUTTERS,ACTIVE,,,,single_source_unconfirmed,certification_status_unknown,True,single_source
IS 2191 (Part 2),IS 2191 (Part 2):1983,1983,WOODEN FLUSH DOOR SHUTTERS,ACTIVE,,,,single_source_unconfirmed,certification_status_unknown,True,single_source
IS 2202 (Part 1),IS 2202 (Part 1):1999,1999,Wooden Flush Door Shutters(solid Core Type):Part1Plywood Face Panels,ACTIVE,Civil & Construction Materials,Doors & Windows,True,verified_multi_source,,True,multi_source
IS 2202 (Part 2),IS 2202 (Part 2):1983,1983,WOODEN FLUSH DOOR SHUTTERS,ACTIVE,,,,single_source_unconfirmed,certification_status_unknown,True,single_source
IS 2206,IS 2206:2009,2009,Industrial Safety Helmets — Specification,ACTIVE,HEALTHCARE,,,unverified,no_full_text|demo_only_unverified_source|certification_status_unknown,False,demo_only
IS 2209,IS 2209:1976,1976,MORTICE LOCKS (VERTICAL TYPE),ACTIVE,,,,single_source_unconfirmed,certification_status_unknown,True,single_source
IS 2222,IS 2222:1991,1991,BURNT CLAY PERFORATED BUILDING BRICKS,ACTIVE,,,,single_source_unconfirmed,certification_status_unknown,True,single_source
IS 2257,IS 2257,,"Paper Adhesives, Liquid Gum And Office Paste Type-specification",ACTIVE,"Plastics, Chemicals & Rubber",,,single_source_unconfirmed,no_scope_or_description|no_full_text|certification_status_unknown,False,single_source
IS 2266,IS 2266,,Steel Wire Ropes For General Engineering Purposes,ACTIVE,Steel & Metallurgy,,True,single_source_unconfirmed,no_scope_or_description|no_full_text,False,single_source
IS 2309,IS 2309:1989,1989,Code of Practice for the Protection of Allied Structures against Lightning,ACTIVE,Electrical,,False,single_source_unconfirmed,no_full_text,False,single_source
IS 2312,IS 2312:1967,1967,Exhaust Fans - Specification,ACTIVE,Electrical,,True,verified_multi_source,no_full_text,False,multi_source
IS 2314,IS 2314:1986,1986,STEEL SHEET PILLING SECTIONS,ACTIVE,,,,single_source_unconfirmed,certification_status_unknown,True,single_source
IS 2326,IS 2326:1987,1987,AUTOMATIC FLUSHING CISTERNS FOR URINALS,ACTIVE,,,,single_source_unconfirmed,certification_status_unknown,True,single_source
IS 2339,IS 2339,,Wheat Bran As Livestock Feed,ACTIVE,Food & Agriculture,,,single_source_unconfirmed,no_scope_or_description|no_full_text|certification_status_unknown,False,single_source
IS 2347,IS 2347:2017,2017,Domestic Pressure Cookers,ACTIVE,Domestic & Consumer Appliances,Kitchenware,True,single_source_unconfirmed,no_full_text,False,single_source
IS 2365,IS 2365:1977,1977,"Steel Wire Suspension Ropes For Lifts, Elevators And Hoists",ACTIVE,Steel & Metallurgy,,True,verified_multi_source,,True,multi_source
IS 2372,IS 2372:2004,2004,TIMBER FOR COOLING TOWERS,ACTIVE,,,,single_source_unconfirmed,certification_status_unknown,True,single_source
IS 2373,IS 2373:1981,1981,WATER METERS (BULK TYPE),ACTIVE,,,,single_source_unconfirmed,certification_status_unknown,True,single_source
IS 2386 (Part 1),IS 2386 (Part 1):1963,1963,Methods of Test for Aggregates for Concrete - Particle Size and Shape,ACTIVE,Civil & Construction,,False,single_source_unconfirmed,no_full_text,False,single_source
IS 2386 (Part 4),IS 2386 (Part 4):1963,1963,Methods of Test for Aggregates for Concrete - Mechanical Properties,ACTIVE,Civil & Construction,,False,single_source_unconfirmed,no_full_text,False,single_source
IS 2403,IS 2403,,"Short-pitch Transmission Precision Roller And Bush Chains,attachments And Associated Chain Sprockets",ACTIVE,General Engineering & Consumer Goods,,,single_source_unconfirmed,no_scope_or_description|no_full_text|certification_status_unknown,False,single_source
IS 2404,IS 2404,,Malt Extract,ACTIVE,General Engineering & Consumer Goods,,,single_source_unconfirmed,no_scope_or_description|no_full_text|certification_status_unknown,False,single_source
IS 2412,IS 2412:1975,1975,LINK CLIPS FOR ELECTRICAL WIRING,ACTIVE,,,,single_source_unconfirmed,certification_status_unknown,True,single_source
IS 2414,IS 2414,,Cycle And Rickshaw Pneumatic Tyres,ACTIVE,General Engineering & Consumer Goods,,,single_source_unconfirmed,no_scope_or_description|no_full_text|certification_status_unknown,False,single_source
IS 2415,IS 2415,,Cycles - Rubber Tubes,ACTIVE,Steel & Metallurgy,,True,single_source_unconfirmed,no_scope_or_description|no_full_text,False,single_source
IS 2418 (Part 2),IS 2418 (Part 2),,Tubular Fluorescent Lamps For General Lighting Service - Part Ii : Performance Requirements,ACTIVE,Electrical & Electronics,,True,single_source_unconfirmed,no_scope_or_description|no_full_text,False,single_source
IS 2465,IS 2465,,Cables For Motor Vehicles,ACTIVE,Electrical & Electronics,,True,single_source_unconfirmed,no_scope_or_description|no_full_text,False,single_source
IS 2470 (Part 1),IS 2470 (Part 1):1985,1985,Code of Practice for Design and Construction of Septic Tanks - Part 1: Small Installations,ACTIVE,Mechanical,,False,single_source_unconfirmed,no_full_text,False,single_source
IS 2470 (Part 2),IS 2470 (Part 2):1985,1985,Code of Practice for Design and Construction of Septic Tanks - Part 2: Large Installations,ACTIVE,Mechanical,,False,single_source_unconfirmed,no_full_text,False,single_source
IS 2491,IS 2491:1998,1998,Food Hygiene - General Principles - Code of Practice,ACTIVE,Food & Agriculture,,False,single_source_unconfirmed,no_full_text,False,single_source
IS 2494 (Part 1),IS 2494 (Part 1),,V-belts - Endless V-belts For Industrial Purposes - Part 1 : General Purpose,ACTIVE,General Engineering & Consumer Goods,,,single_source_unconfirmed,no_scope_or_description|no_full_text|certification_status_unknown,False,single_source
IS 2501,IS 2501:1995,1995,SOLID DRAWN COPPER TUBES,ACTIVE,,,,single_source_unconfirmed,certification_status_unknown,True,single_source
IS 2508,IS 2508:1984,1984,Polyethylene Films And Sheets - Specification,ACTIVE,"Plastics, Chemicals & Rubber",,,verified_multi_source,certification_status_unknown,True,multi_source
IS 2525,IS 2525:1982,1982,DIMENSION FOR WROUGHT ALUMINIUM AND,ACTIVE,,,,single_source_unconfirmed,certification_status_unknown,True,single_source
IS 2544,IS 2544:1973,1973,Porcelain Post Insulators for Systems with Nominal Voltages Greater than 1000 V,ACTIVE,Electrical,,True,single_source_unconfirmed,no_full_text,False,single_source
IS 2546,IS 2546,,Specification For Galvanized Mild Steel Fire Bucket,ACTIVE,Steel & Metallurgy,,True,single_source_unconfirmed,no_scope_or_description|no_full_text,False,single_source
IS 2547 (Part 1),IS 2547 (Part 1):1976,1976,Gypsum Building Plaster: Part 1 Excluding Premixed Lightweight Plaster,ACTIVE,General Engineering & Consumer Goods,,,verified_multi_source,certification_status_unknown,True,multi_source
IS 2547 (Part 2),IS 2547 (Part 2):1976,1976,GYPSUM BUILDING PLASTER,ACTIVE,,,,single_source_unconfirmed,certification_status_unknown,True,single_source
IS 2548 (Part 1),IS 2548 (Part 1):1996,1996,PLASTIC SEATS AND COVERS FOR,ACTIVE,,,,single_source_unconfirmed,certification_status_unknown,True,single_source
IS 2548 (Part 2),IS 2548 (Part 2):1996,1996,Plastic Seats And Covers For Water-closets: Part 2 Thermo Plastic Seats And Covers,ACTIVE,"Plastics, Chemicals & Rubber",,,verified_multi_source,certification_status_unknown,True,multi_source
IS 2551,IS 2551:1982,1982,Danger Notice Plates,ACTIVE,Electrical,,False,single_source_unconfirmed,no_full_text,False,single_source
IS 2552,IS 2552,,Steel Drums (galvanized And Ungalvanized),ACTIVE,Steel & Metallurgy,,True,single_source_unconfirmed,no_scope_or_description|no_full_text,False,single_source
IS 2553 (Part 1),IS 2553 (Part 1),,"Safety Glass Part 1 Architectural, Building And General Uses",ACTIVE,General Engineering & Consumer Goods,,,single_source_unconfirmed,no_scope_or_description|no_full_text|certification_status_unknown,False,single_source
IS 2553 (Part 2),IS 2553 (Part 2):2019,2019,Safety Glass - Part 2 : For Road Transport,ACTIVE,Automotive & Transport,Automotive Safety Glass,True,single_source_unconfirmed,no_full_text,False,single_source
IS 2556 (Part 1),IS 2556 (Part 1):1994,1994,VITREOUS SANITARY APPLIANCES,ACTIVE,,,,single_source_unconfirmed,certification_status_unknown,True,single_source
IS 2556 (Part 14),IS 2556 (Part 14):1994,1994,VITREOUS  SANITARY APPLIANCES,ACTIVE,,,,single_source_unconfirmed,certification_status_unknown,True,single_source
IS 2556 (Part 2),IS 2556 (Part 2):1994,1994,VITREOUS SANITARY APPLIANCES,ACTIVE,,,,single_source_unconfirmed,certification_status_unknown,True,single_source
IS 2556 (Part 3),IS 2556 (Part 3),,Vitreous Sanitary Appliances (vitreous China) - - Part 3: Specific Requirements Of Squatting Pans,ACTIVE,Electrical & Electronics,,True,single_source_unconfirmed,no_scope_or_description|no_full_text,False,single_source
IS 2556 (Part 4),IS 2556 (Part 4):1994,1994,VITREOUS SANITARY  APLLIANCES,ACTIVE,,,,single_source_unconfirmed,certification_status_unknown,True,single_source
IS 2556 (Part 5),IS 2556 (Part 5),,Vitreous Sanitary Appliances (vitreous China): Part 5 Specific Requirements Of Laboratory Sinks,ACTIVE,Electrical & Electronics,,True,single_source_unconfirmed,no_scope_or_description|no_full_text,False,single_source
IS 2556 (Part 9),IS 2556 (Part 9):1994,1994,VITREOUS  SANITARY APPLIANCES,ACTIVE,,,,single_source_unconfirmed,certification_status_unknown,True,single_source
IS 2557,IS 2557,,Annatto Colour For Food Products,ACTIVE,Food & Agriculture,,,single_source_unconfirmed,no_scope_or_description|no_full_text|certification_status_unknown,False,single_source
IS 2566,IS 2566,,Textiles - B-twill Jute Bags For Packing Foodgrains,ACTIVE,Civil & Construction Materials,,True,single_source_unconfirmed,no_scope_or_description|no_full_text,False,single_source
IS 2567,IS 2567,,Specification For Malathion Emulsifiable Concentrates,ACTIVE,General Engineering & Consumer Goods,,,single_source_unconfirmed,no_scope_or_description|no_full_text|certification_status_unknown,False,single_source
IS 2568,IS 2568,,Specification For Malathion Dusting Powders,ACTIVE,Food & Agriculture,,,single_source_unconfirmed,no_scope_or_description|no_full_text|certification_status_unknown,False,single_source
IS 2569,IS 2569,,Specificaion For Malathion Water Dispersible Powder Concentrates,ACTIVE,Food & Agriculture,,,single_source_unconfirmed,no_scope_or_description|no_full_text|certification_status_unknown,False,single_source
IS 2573,IS 2573,,Leather Gauntlets And Mittens,ACTIVE,General Engineering & Consumer Goods,,,single_source_unconfirmed,no_scope_or_description|no_full_text|certification_status_unknown,False,single_source
IS 2581,IS 2581,,Round Strand Galvanized Steel Wire Ropes For Shipping Purposes,ACTIVE,Steel & Metallurgy,,True,single_source_unconfirmed,no_scope_or_description|no_full_text,False,single_source
IS 2585,IS 2585:1968,1968,BLACK SQUARE BOLTS AND NUTS,ACTIVE,,,,single_source_unconfirmed,certification_status_unknown,True,single_source
IS 2641,IS 2641,,Electrical Welding Accessories,ACTIVE,Electrical & Electronics,,True,single_source_unconfirmed,no_scope_or_description|no_full_text,False,single_source
IS 2645,IS 2645:2003,2003,Integral Waterproofing Compounds For Cement Mortar And Concrete -specification,ACTIVE,Civil & Construction Materials,,True,verified_multi_source,,True,multi_source
IS 2653,IS 2653:2015,2015,Safety Matches In Boxes,ACTIVE,Chemicals & Consumer Safety,Match Boxes,,single_source_unconfirmed,no_full_text|certification_status_unknown,False,single_source
IS 2676,IS 2676:1981,1981,DIMENSIONS FOR WROUGHT ALUMINIUM AND,ACTIVE,,,,single_source_unconfirmed,certification_status_unknown,True,single_source
IS 2677,IS 2677:1979,1979,DIMENSIONS FOR  WROUGHT ALUMINIUM AND,ACTIVE,,,,single_source_unconfirmed,certification_status_unknown,True,single_source
IS 2678,IS 2678:1987,1987,DIMENSIONS AND  TOLERANCE FOR WROUGHT,ACTIVE,,,,single_source_unconfirmed,certification_status_unknown,True,single_source
IS 2681,IS 2681:1993,1993,Non-ferrous Metal Sliding Door Bolts (aldrops) For With Padlocks -specification,ACTIVE,Steel & Metallurgy,,True,verified_multi_source,,True,multi_source
IS 2686,IS 2686:1977,1977,CINDER AS FINE AGGREGATES FOR,ACTIVE,,,,single_source_unconfirmed,certification_status_unknown,True,single_source
IS 2687,IS 2687:1991,1991,CAP NUTS,ACTIVE,,,,single_source_unconfirmed,certification_status_unknown,True,single_source
IS 2690 (Part 1),IS 2690 (Part 1):1993,1993,BURNT CLAY–FLAT TERRACING TILES,ACTIVE,,,,single_source_unconfirmed,certification_status_unknown,True,single_source
IS 2690 (Part 2),IS 2690 (Part 2):1992,1992,BURNT CLAY FLAT TERRACING TILES,ACTIVE,,,,single_source_unconfirmed,certification_status_unknown,True,single_source
IS 2691,IS 2691:1988,1988,BURNT CLAY FACING BRICKS,ACTIVE,,,,single_source_unconfirmed,certification_status_unknown,True,single_source
IS 2692,IS 2692:2015,2015,Ferrules For Water Services,ACTIVE,Civil & Construction Materials,Cement & Concrete,True,needs_review,full_text_edition_older_than_current_edition|source_conflict_present,True,multi_source
IS 2705 (Part 1),IS 2705 (Part 1):1992,1992,Current Transformers - General Requirements,ACTIVE,Electrical,,True,single_source_unconfirmed,no_full_text,False,single_source
IS 2705 (Part 2),IS 2705 (Part 2):1992,1992,Current Transformers - Measuring Current Transformers,ACTIVE,Electrical,,True,single_source_unconfirmed,no_full_text,False,single_source
IS 2713,IS 2713:1980,1980,Tubular Steel Poles for Overhead Power Lines,ACTIVE,Electrical,,True,single_source_unconfirmed,no_full_text,False,single_source
IS 2720 (Part 16),IS 2720 (Part 16):1979,1979,Methods of Test for Soils - Laboratory Determination of CBR,ACTIVE,Civil & Construction,,False,single_source_unconfirmed,no_full_text,False,single_source
IS 2720 (Part 2),IS 2720 (Part 2):1973,1973,Methods of Test for Soils - Determination of Water Content,ACTIVE,Civil & Construction,,False,single_source_unconfirmed,no_full_text,False,single_source
IS 2720 (Part 5),IS 2720 (Part 5):1985,1985,Methods of Test for Soils - Determination of Liquid and Plastic Limit,ACTIVE,Civil & Construction,,False,single_source_unconfirmed,no_full_text,False,single_source
IS 2721,IS 2721:1979,1979,Galvanized Steel Chain Link Fence Fabric,ACTIVE,Steel & Metallurgy,,True,verified_multi_source,,True,multi_source
IS 2730,IS 2730,,Magnesium Sulphate (epsom Salt),ACTIVE,"Plastics, Chemicals & Rubber",,,single_source_unconfirmed,no_scope_or_description|no_full_text|certification_status_unknown,False,single_source
IS 2771 (Part 1),IS 2771 (Part 1):1990,1990,Corrugated Fibreboard Boxes,ACTIVE,Packaging & Containers,Fibreboard Packaging,,single_source_unconfirmed,no_full_text|certification_status_unknown,False,single_source
IS 2785,IS 2785,,"Natural Cheese (hard Variety), Processed Cheese, Processed Cheese Spread And Soft Cheese",ACTIVE,Food & Agriculture,,,single_source_unconfirmed,no_scope_or_description|no_full_text|certification_status_unknown,False,single_source
IS 2791,IS 2791,,Soluble Coffee Powder,ACTIVE,Food & Agriculture,,,single_source_unconfirmed,no_scope_or_description|no_full_text|certification_status_unknown,False,single_source
IS 2796,IS 2796:2017,2017,Motor Gasoline (Petrol) - Specification,ACTIVE,Mechanical,,True,single_source_unconfirmed,no_full_text,False,single_source
IS 2802,IS 2802,,Ice-cream,ACTIVE,General Engineering & Consumer Goods,,,single_source_unconfirmed,no_scope_or_description|no_full_text|certification_status_unknown,False,single_source
IS 2830,IS 2830,,"Carbon Steel Cast Billet Ingots,billets,blooms And Slabs For Re-rolling Into Steel For General Structural Purposes - Specification",ACTIVE,Steel & Metallurgy,,True,single_source_unconfirmed,no_scope_or_description|no_full_text,False,single_source
IS 2831,IS 2831,,"Carbon Steel Cast Billet Ingots, Billets, Blooms And Slabs For Re-rolling Into Structural Steel (ordinary Quality)-",ACTIVE,Steel & Metallurgy,,True,single_source_unconfirmed,no_scope_or_description|no_full_text,False,single_source
IS 2835,IS 2835:1987,1987,FLAT TRANSPARENT SHEET GLASS,ACTIVE,,,,single_source_unconfirmed,certification_status_unknown,True,single_source
IS 2849,IS 2849:1983,1983,NON-LOAD BEARING GYPSUM PARTITION,ACTIVE,,,,single_source_unconfirmed,certification_status_unknown,True,single_source
IS 2871,IS 2871,,"Branch Pipe, Universal For Fire Fighting Purpose- Specification",ACTIVE,Steel & Metallurgy,,True,single_source_unconfirmed,no_scope_or_description|no_full_text,False,single_source
IS 2879,IS 2879,,Mild Steel For Metal Arc Welding Electrodes,ACTIVE,Steel & Metallurgy,,True,single_source_unconfirmed,no_scope_or_description|no_full_text,False,single_source
IS 2888,IS 2888,,Toilet Soap,ACTIVE,General Engineering & Consumer Goods,,,single_source_unconfirmed,no_scope_or_description|no_full_text|certification_status_unknown,False,single_source
IS 2907,IS 2907:1998,1998,NON-FERROUS RIVETS (1.6 TO 10 mm),ACTIVE,,,,single_source_unconfirmed,certification_status_unknown,True,single_source
IS 2923,IS 2923,,"Carmoisine, Food Grade",ACTIVE,Food & Agriculture,,,single_source_unconfirmed,no_scope_or_description|no_full_text|certification_status_unknown,False,single_source
IS 2925,IS 2925:1984,1984,Specification for Industrial Safety Helmets,ACTIVE,Safety & PPE,,,needs_review,no_full_text|source_conflict_present|certification_status_disputed_across_sources|certification_status_unknown|amendment_or_verification_data_self_asserted_not_network_verified,False,multi_source
IS 2932,IS 2932,,"Enamel, Synthetic, Exterior : (a) Undercoating (b) Finishing",ACTIVE,General Engineering & Consumer Goods,,,single_source_unconfirmed,no_scope_or_description|no_full_text|certification_status_unknown,False,single_source
IS 2932 (Part 1),IS 2932 (Part 1),,"Enamel, Synthetic, Exterior : (a) Undercoating (b) Finishing - Specification : Part 1 For Domestic And Decorative Applications",ACTIVE,General Engineering & Consumer Goods,,,single_source_unconfirmed,no_scope_or_description|no_full_text|certification_status_unknown,False,single_source
IS 2933,IS 2933,,"Enamel Exterior (a) Undercoating, (b) Finishing",ACTIVE,General Engineering & Consumer Goods,,,single_source_unconfirmed,no_scope_or_description|no_full_text|certification_status_unknown,False,single_source
IS 2963,IS 2963:1979,1979,COPPER ALLOY WASTE FITTINGS FOR,ACTIVE,,,,single_source_unconfirmed,certification_status_unknown,True,single_source
IS 2993,IS 2993,,A.c. Motor Capacitors,ACTIVE,Electrical & Electronics,,True,single_source_unconfirmed,no_scope_or_description|no_full_text,False,single_source
IS 2998,IS 2998:1982,1982,COLD FORGED STEEL RIVETS FOR COLD,ACTIVE,,,,single_source_unconfirmed,certification_status_unknown,True,single_source
IS 3004,IS 3004:1979,1979,PLUG COCKS FOR WATER SUPPLY PURPOSES,ACTIVE,,,,single_source_unconfirmed,certification_status_unknown,True,single_source
IS 3006,IS 3006:1979,1979,CHEMICALLY  RESISTANT GLAZED STONEWARE,ACTIVE,,,,single_source_unconfirmed,certification_status_unknown,True,single_source
IS 3024,IS 3024,,Grain Oriented Electrical Steel Sheets And Strips,ACTIVE,Steel & Metallurgy,,True,single_source_unconfirmed,no_scope_or_description|no_full_text,False,single_source
IS 3025 (Part 1),IS 3025 (Part 1):1987,1987,Methods of Sampling and Test (Physical and Chemical) for Water and Wastewater,ACTIVE,Water & Environment - Testing,,False,single_source_unconfirmed,no_full_text,False,single_source
IS 3025 (Part 1 to 60),IS 3025 (Part 1 to 60):2019,2019,Methods of Sampling and Test (Physical and Chemical) for Water and Wastewater,ACTIVE,Food & Agriculture,,False,single_source_unconfirmed,no_full_text,False,single_source
IS 3037,IS 3037:1986,1986,BITUMEN MASTIC FOR USE IN,ACTIVE,,,,single_source_unconfirmed,certification_status_unknown,True,single_source
IS 3043,IS 3043:2018,2018,Code of Practice for Earthing,ACTIVE,Electrical - Safety,,False,verified_multi_source,no_full_text,False,multi_source
IS 3062,IS 3062,,Crop Protection Equipment - Rocker Sprayer,ACTIVE,General Engineering & Consumer Goods,,,single_source_unconfirmed,no_scope_or_description|no_full_text|certification_status_unknown,False,single_source
IS 3063,IS 3063:1994,1994,FASTENERS-SINGLE COIL RECTANGULAR,ACTIVE,,,,single_source_unconfirmed,certification_status_unknown,True,single_source
IS 3068,IS 3068:1986,1986,BROKEN BRICK (BURNT CLAY) COARSE,ACTIVE,,,,single_source_unconfirmed,certification_status_unknown,True,single_source
IS 3070 (Part 3),IS 3070 (Part 3):1993,1993,Lightning Arresters for Alternating Current Systems - Metal Oxide Surge Arresters without Gaps,ACTIVE,Electrical,,True,single_source_unconfirmed,no_full_text,False,single_source
IS 3072,IS 3072:1975,1975,Code of Practice for Installation and Maintenance of Switchgear,ACTIVE,Electrical,,False,single_source_unconfirmed,no_full_text,False,single_source
IS 3076,IS 3076:1985,1985,LOW DENSITY POLYETHYLENE PIPES FOR,ACTIVE,,,,single_source_unconfirmed,certification_status_unknown,True,single_source
IS 3087,IS 3087:1985,1985,Particle Boards Of Wood And Other Lignocellulosic Materials (medium Density) For General Purposes -specification,ACTIVE,Civil & Construction Materials,,True,verified_multi_source,,True,multi_source
IS 3097,IS 3097:1980,1980,VENEERED PARTICLE BOARDS,ACTIVE,,,,single_source_unconfirmed,certification_status_unknown,True,single_source
IS 3103,IS 3103:1980,1980,Code of Practice for Industrial Ventilation,ACTIVE,Mechanical,,False,single_source_unconfirmed,no_full_text,False,single_source
IS 3115,IS 3115:1992,1992,LIME BASED BLOCKS,ACTIVE,,,,single_source_unconfirmed,certification_status_unknown,True,single_source
IS 3117,IS 3117:2004,2004,BITUMEN EMULSION FOR ROADS,ACTIVE,,,,single_source_unconfirmed,certification_status_unknown,True,single_source
IS 3118,IS 3118,,Electric Bacteriological Incubators,ACTIVE,Electrical & Electronics,,True,single_source_unconfirmed,no_scope_or_description|no_full_text,False,single_source
IS 3119,IS 3119,,Hot Air Sterilizers,ACTIVE,General Engineering & Consumer Goods,,,single_source_unconfirmed,no_scope_or_description|no_full_text|certification_status_unknown,False,single_source
IS 3121,IS 3121:1981,1981,RIGGING SCREWS AND STRETCHING SCREWS,ACTIVE,,,,single_source_unconfirmed,certification_status_unknown,True,single_source
IS 3129,IS 3129:1985,1985,LOW DENSITY PARTICLE BOARDS,ACTIVE,,,,single_source_unconfirmed,certification_status_unknown,True,single_source
IS 3156 (Part 1),IS 3156 (Part 1):1992,1992,Voltage Transformers - General Requirements,ACTIVE,Electrical,,True,single_source_unconfirmed,no_full_text,False,single_source
IS 3182,IS 3182:1986,1986,BROKEN BRICK (BURNT CLAY),ACTIVE,,,,single_source_unconfirmed,certification_status_unknown,True,single_source
IS 3196 (Part 1),IS 3196 (Part 1):2013,2013,LPG Cylinders for Domestic Use,ACTIVE,Domestic & Consumer Appliances,LPG Storage,True,single_source_unconfirmed,no_full_text,False,single_source
IS 3231 (Part 1),IS 3231 (Part 1):1986,1986,Electrical Relays for Power System Protection - General Requirements,ACTIVE,Electrical,,True,single_source_unconfirmed,no_full_text,False,single_source
IS 3308,IS 3308:1981,1981,WOOD WOOL BUILDING SLABS,ACTIVE,,,,single_source_unconfirmed,certification_status_unknown,True,single_source
IS 3309,IS 3309,,Soluble Coffee-chicory Powder,ACTIVE,Food & Agriculture,,,single_source_unconfirmed,no_scope_or_description|no_full_text|certification_status_unknown,False,single_source
IS 3311,IS 3311:1979,1979,WASTE PLUG AND ITS ACCESSORIES FOR SINKS,ACTIVE,,,,single_source_unconfirmed,certification_status_unknown,True,single_source
IS 3315,IS 3315:2019,2019,Electric Air Coolers,ACTIVE,Domestic & Consumer Appliances,Air Cooling,,single_source_unconfirmed,no_full_text|certification_status_unknown,False,single_source
IS 3316,IS 3316:1974,1974,STRUCTURAL GRANITE,ACTIVE,,,,single_source_unconfirmed,certification_status_unknown,True,single_source
IS 3337,IS 3337:1978,1978,BALLIES FOR GENERAL PURPOSES,ACTIVE,,,,single_source_unconfirmed,certification_status_unknown,True,single_source
IS 3348,IS 3348:1965,1965,FIBRE INSULATION BOARD,ACTIVE,,,,single_source_unconfirmed,certification_status_unknown,True,single_source
IS 3367,IS 3367:1993,1993,BURNT CLAY TILES FOR USE IN LINING,ACTIVE,,,,single_source_unconfirmed,certification_status_unknown,True,single_source
IS 3383,IS 3383,,Wettable Sulphur Powder,ACTIVE,Food & Agriculture,,,single_source_unconfirmed,no_scope_or_description|no_full_text|certification_status_unknown,False,single_source
IS 3384,IS 3384:1986,1986,BITUMEN PRIMER FOR USE IN,ACTIVE,,,,single_source_unconfirmed,certification_status_unknown,True,single_source
IS 3390,IS 3390:1990,1990,"Sphygmomanometers, Mercurial - Specification",ACTIVE,Medical Devices,,True,verified_multi_source,no_full_text,False,multi_source
IS 3400,IS 3400,,Methods of Test for Vulcanized Rubbers,ACTIVE,Testing & Normative Reference,,,single_source_unconfirmed,no_full_text|certification_status_unknown,False,single_source
IS 3419,IS 3419:1989,1989,Fittings for Rigid Non-Metallic Conduits,ACTIVE,Electrical,,True,verified_multi_source,,True,multi_source
IS 3438,IS 3438:1994,1994,SILVERED GLASS MIRRORS FOR GENERAL,ACTIVE,,,,single_source_unconfirmed,certification_status_unknown,True,single_source
IS 3443,IS 3443:1980,1980,Crane Rail Sections -,ACTIVE,General Engineering & Consumer Goods,,,verified_multi_source,certification_status_unknown,True,multi_source
IS 3450,IS 3450,,"Carbon Papers, Handwriting",ACTIVE,General Engineering & Consumer Goods,,,single_source_unconfirmed,no_scope_or_description|no_full_text|certification_status_unknown,False,single_source
IS 3461,IS 3461:1980,1980,PVC ASBESTOS FLOOR TILES,ACTIVE,,,,single_source_unconfirmed,certification_status_unknown,True,single_source
IS 3462,IS 3462:1986,1986,Unbacked Flexible Pvc Flooring,ACTIVE,Civil & Construction Materials,,True,verified_multi_source,,True,multi_source
IS 3466,IS 3466:1988,1988,MASONRY CEMENT,ACTIVE,,,,single_source_unconfirmed,certification_status_unknown,True,single_source
IS 3468,IS 3468:1991,1991,PIPE NUTS,ACTIVE,,,,single_source_unconfirmed,certification_status_unknown,True,single_source
IS 3478,IS 3478:1966,1966,HIGH DENSITY WOOD PARTICLE BOARDS,ACTIVE,,,,single_source_unconfirmed,certification_status_unknown,True,single_source
IS 3480,IS 3480:1966,1966,FLEXIBLE STEEL CONDUITS FOR,ACTIVE,,,,single_source_unconfirmed,certification_status_unknown,True,single_source
IS 3489,IS 3489:1985,1985,ENAMELLED STEEL BATH TUBS,ACTIVE,,,,single_source_unconfirmed,certification_status_unknown,True,single_source
IS 3495 (Part 1 to 4),IS 3495 (Part 1 to 4):2019,2019,Methods of Tests of Burnt Clay Building Bricks,ACTIVE,Civil & Construction,,False,single_source_unconfirmed,no_full_text,False,single_source
IS 3502,IS 3502:1994,1994,Steel Chequered Plates,ACTIVE,Steel & Metallurgy,,True,verified_multi_source,,True,multi_source
IS 3521 (Part 1),IS 3521 (Part 1),,Personal Fall Arrest Systems – Part 1 Full Body Harness,ACTIVE,General Engineering & Consumer Goods,,,single_source_unconfirmed,no_scope_or_description|no_full_text|certification_status_unknown,False,single_source
IS 3521 (Part 2),IS 3521 (Part 2),,Personal fall arrest systems - Lanyards & energy absorbers,ACTIVE,General Engineering & Consumer Goods,,,single_source_unconfirmed,no_scope_or_description|no_full_text|certification_status_unknown,False,single_source
IS 3564,IS 3564:1995,1995,Hydraulically Regulated Door Closers -specification,ACTIVE,General Engineering & Consumer Goods,,,verified_multi_source,certification_status_unknown,True,multi_source
IS 3575,IS 3575,,Bitumen Drums,ACTIVE,General Engineering & Consumer Goods,,,single_source_unconfirmed,no_scope_or_description|no_full_text|certification_status_unknown,False,single_source
IS 3583,IS 3583:1988,1988,BURNT CLAY PAVING BRICKS,ACTIVE,,,,single_source_unconfirmed,certification_status_unknown,True,single_source
IS 3589,IS 3589:2001,2001,Steel Pipes for Water and Sewage (168.3 to 2540 mm Outside Diameter),ACTIVE,Structural Steel - Pipes,,,needs_review,source_conflict_present|certification_status_disputed_across_sources|certification_status_unknown|amendment_or_verification_data_self_asserted_not_network_verified,True,multi_source
IS 3601,IS 3601,,Steel Tubes For Mechanical And General Engineering Purposes,ACTIVE,Steel & Metallurgy,,True,single_source_unconfirmed,no_scope_or_description|no_full_text,False,single_source
IS 3613,IS 3613,,Carbon Steel Forgings for Structural Use,ACTIVE,Testing & Normative Reference,,,single_source_unconfirmed,no_full_text|certification_status_unknown,False,single_source
IS 3614,IS 3614,,Fire Doors and Assembly,ACTIVE,General Engineering & Consumer Goods,,,single_source_unconfirmed,no_scope_or_description|no_full_text|certification_status_unknown,False,single_source
IS 3617,IS 3617,,"Textiles – Gent’s pullover, knitted",ACTIVE,Civil & Construction Materials,,True,single_source_unconfirmed,no_scope_or_description|no_full_text,False,single_source
IS 3620,IS 3620:1979,1979,LATERITE  STONE  BLOCK  FOR  MASONRY,ACTIVE,,,,single_source_unconfirmed,certification_status_unknown,True,single_source
IS 3622,IS 3622:1977,1977,SANDSTONE (SLABS AND TILES),ACTIVE,,,,single_source_unconfirmed,certification_status_unknown,True,single_source
IS 3623,IS 3623,,Guide And Rubbing Ropes,ACTIVE,General Engineering & Consumer Goods,,,single_source_unconfirmed,no_scope_or_description|no_full_text|certification_status_unknown,False,single_source
IS 3629,IS 3629:1986,1986,STRUCTURAL TIMBER IN BUILDINGS,ACTIVE,,,,single_source_unconfirmed,certification_status_unknown,True,single_source
IS 3646 (Part 1),IS 3646 (Part 1):1992,1992,Code of Practice for Interior Illumination,ACTIVE,ELECTRICAL,,,unverified,no_full_text|demo_only_unverified_source|certification_status_unknown,False,demo_only
IS 3650,IS 3650,,Combination Side Cutting Pliers,ACTIVE,General Engineering & Consumer Goods,,,single_source_unconfirmed,no_scope_or_description|no_full_text|certification_status_unknown,False,single_source
IS 3652,IS 3652,,Crop Protection Equipment - Foot Sprayer,ACTIVE,General Engineering & Consumer Goods,,,single_source_unconfirmed,no_scope_or_description|no_full_text|certification_status_unknown,False,single_source
IS 3677,IS 3677:1985,1985,UNBONDED ROCK AND SLAG WOOL FOR,ACTIVE,,,,single_source_unconfirmed,certification_status_unknown,True,single_source
IS 3709,IS 3709:1966,1966,MASTIC CEMENT FOR BEDDING OF,ACTIVE,,,,single_source_unconfirmed,certification_status_unknown,True,single_source
IS 3731,IS 3731:1985,1985,TEAK  SQUARES,ACTIVE,,,,single_source_unconfirmed,certification_status_unknown,True,single_source
IS 3735,IS 3735:2021,2021,"Canvas Shoes, Rubber Sole",ACTIVE,"Leather, Footwear & PPE",Footwear,True,single_source_unconfirmed,no_full_text,False,single_source
IS 3736,IS 3736,,"Canvas Boots, Rubber Sole",ACTIVE,"Plastics, Chemicals & Rubber",,,single_source_unconfirmed,no_scope_or_description|no_full_text|certification_status_unknown,False,single_source
IS 3757,IS 3757:1985,1985,HIGH STRENGTH STRUCTURAL BOLTS,ACTIVE,,,,single_source_unconfirmed,certification_status_unknown,True,single_source
IS 3768,IS 3768,,"Ventilation Ducting - Vinyl Coated, Flexible and Semi-rigid",ACTIVE,General Engineering & Consumer Goods,,,single_source_unconfirmed,no_scope_or_description|no_full_text|certification_status_unknown,False,single_source
IS 3812 (Part 1),IS 3812 (Part 1):2013,2013,Pulverized Fuel Ash — Specification (Concrete/Mortar use),ACTIVE,Construction Materials - Concrete,,,needs_review,no_full_text|source_conflict_present|certification_status_disputed_across_sources|certification_status_unknown,False,multi_source
IS 3818,IS 3818:1992,1992,Continuous (piano) Hinges -specification,ACTIVE,General Engineering & Consumer Goods,,,verified_multi_source,certification_status_unknown,True,multi_source
IS 3828,IS 3828:1966,1966,VENTILATOR CHAINS,ACTIVE,,,,single_source_unconfirmed,certification_status_unknown,True,single_source
IS 3829 (Part 1),IS 3829 (Part 1),,"Horizontal Cylindrical And Horizontal Rectangular Steam Sterilizers, Pressure Type (for Hospital And Pharmaceutical Use)",ACTIVE,Food & Agriculture,,,single_source_unconfirmed,no_scope_or_description|no_full_text|certification_status_unknown,False,single_source
IS 3829 (Part 2),IS 3829 (Part 2),,"Steam Sterilizers-Part2:Horizontal Cylindrical High Speed Steam Sterilizers, Pressure Type",ACTIVE,Food & Agriculture,,,single_source_unconfirmed,no_scope_or_description|no_full_text|certification_status_unknown,False,single_source
IS 3829 (Part 3),IS 3829 (Part 3),,"Steam Sterilizers - Part 3 : Pressure Sterilizers, Vertical Cylindrical Type",ACTIVE,Food & Agriculture,,,single_source_unconfirmed,no_scope_or_description|no_full_text|certification_status_unknown,False,single_source
IS 3831,IS 3831,,"Sterilizer, Shallow (dressing Drum)",ACTIVE,Medical & Healthcare,,True,single_source_unconfirmed,no_scope_or_description|no_full_text,False,single_source
IS 3837,IS 3837:1976,1976,ACCESSORIES FOR RIGID STEEL CONDUITS FOR,ACTIVE,,,,single_source_unconfirmed,certification_status_unknown,True,single_source
IS 3843,IS 3843:1995,1995,STEEL BACK FLAP HINGES,ACTIVE,,,,single_source_unconfirmed,certification_status_unknown,True,single_source
IS 3847,IS 3847:1992,1992,MORTICE NIGHT LATCHES,ACTIVE,,,,single_source_unconfirmed,certification_status_unknown,True,single_source
IS 3854,IS 3854:1997,1997,Switches for Domestic and Similar Fixed Electrical Installations,ACTIVE,Electrical,,True,verified_multi_source,,True,multi_source
IS 3902,IS 3902,,"Dimethoate, Technical",ACTIVE,General Engineering & Consumer Goods,,,single_source_unconfirmed,no_scope_or_description|no_full_text|certification_status_unknown,False,single_source
IS 3903,IS 3903,,Dimethoate Emulsifiable Concentrates,ACTIVE,General Engineering & Consumer Goods,,,single_source_unconfirmed,no_scope_or_description|no_full_text|certification_status_unknown,False,single_source
IS 3906,IS 3906,,"Crop Protection Equipment-Hand-operated Knapsack Sprayer,Piston Type",ACTIVE,Textiles & Garments,,,single_source_unconfirmed,no_scope_or_description|no_full_text|certification_status_unknown,False,single_source
IS 3908,IS 3908:1986,1986,ALUMINIUM EQUAL LEG ANGLES,ACTIVE,,,,single_source_unconfirmed,certification_status_unknown,True,single_source
IS 3909,IS 3909:1986,1986,ALUMINIUM UNEQUAL LEG ANGLES,ACTIVE,,,,single_source_unconfirmed,certification_status_unknown,True,single_source
IS 3921,IS 3921:1985,1985,ALUMINIUM CHANNELS,ACTIVE,,,,single_source_unconfirmed,certification_status_unknown,True,single_source
IS 3951 (Part 1),IS 3951 (Part 1):1975,1975,HOLLOW CLAY TILES FOR,ACTIVE,,,,single_source_unconfirmed,certification_status_unknown,True,single_source
IS 3951 (Part 2),IS 3951 (Part 2):1975,1975,HOLLOW CLAY TILES FOR,ACTIVE,,,,single_source_unconfirmed,certification_status_unknown,True,single_source
IS 3952,IS 3952:1988,1988,BURNT CLAY HOLLOW  BRICKS FOR WALLS,ACTIVE,,,,single_source_unconfirmed,certification_status_unknown,True,single_source
IS 3954,IS 3954:1991,1991,HOT ROLLED CHANNEL SECTIONS FOR GENERAL,ACTIVE,,,,single_source_unconfirmed,certification_status_unknown,True,single_source
IS 3964,IS 3964:1980,1980,LIGHT RAILS,ACTIVE,,,,single_source_unconfirmed,certification_status_unknown,True,single_source
IS 3975,IS 3975:1999,1999,"Low Carbon Galvanized Steel Wires, Formed Wires and Tapes for Armouring of Cables",ACTIVE,Electrical,,True,verified_multi_source,no_full_text,False,multi_source
IS 3976,IS 3976,,Protective Rubber Canvas Boots For Miners,ACTIVE,"Plastics, Chemicals & Rubber",,,single_source_unconfirmed,no_scope_or_description|no_full_text|certification_status_unknown,False,single_source
IS 3989,IS 3989:1984,1984,"Centrifugally Cast (spun) Iron Spigot And Socket Soil,waste, Ventilation And Rainwater Pipes, Fittings, And Accessories",ACTIVE,Steel & Metallurgy,,True,verified_multi_source,,True,multi_source
IS 3992,IS 3992,,"Trays, Kidney",ACTIVE,General Engineering & Consumer Goods,,,single_source_unconfirmed,no_scope_or_description|no_full_text|certification_status_unknown,False,single_source
IS 3993,IS 3993,,"Trays, Instruments",ACTIVE,General Engineering & Consumer Goods,,,single_source_unconfirmed,no_scope_or_description|no_full_text|certification_status_unknown,False,single_source
IS 4003 (Part 1),IS 4003 (Part 1),,Pipe Wrenches - Part 1 : General Purpose,ACTIVE,Steel & Metallurgy,,True,single_source_unconfirmed,no_scope_or_description|no_full_text,False,single_source
IS 4003 (Part 2),IS 4003 (Part 2),,Pipe Wrenches - Part 2 : Heavy Duty,ACTIVE,Steel & Metallurgy,,True,single_source_unconfirmed,no_scope_or_description|no_full_text,False,single_source
IS 4021,IS 4021:1995,1995,"TIMBER DOOR, WINDOW AND VENTILATOR",ACTIVE,,,,single_source_unconfirmed,certification_status_unknown,True,single_source
IS 4031 (Part 6),IS 4031 (Part 6):1988,1988,Methods of Physical Tests for Hydraulic Cement,ACTIVE,CONSTRUCTION,,,unverified,no_full_text|demo_only_unverified_source|certification_status_unknown,False,demo_only
IS 4036,IS 4036,,"Specification for Hospital Furniture, Bedside Screen (Folding Type)",ACTIVE,Medical & Healthcare,Hospital Furniture,True,single_source_unconfirmed,no_full_text,False,single_source
IS 4037,IS 4037,,"Specification for Hospital Bed, Fowler Beds",ACTIVE,Medical & Healthcare,Hospital Furniture,True,single_source_unconfirmed,no_full_text,False,single_source
IS 4038,IS 4038,,Foot Valves For Water Works Purposes,ACTIVE,Pumps & Mechanical Equipment,,,single_source_unconfirmed,no_scope_or_description|no_full_text|certification_status_unknown,False,single_source
IS 4098,IS 4098:1983,1983,LIME POZZOLANA MIXTURE,ACTIVE,,,,single_source_unconfirmed,certification_status_unknown,True,single_source
IS 4109,IS 4109,,Kadahies,ACTIVE,General Engineering & Consumer Goods,,,single_source_unconfirmed,no_scope_or_description|no_full_text|certification_status_unknown,False,single_source
IS 4139,IS 4139:1989,1989,CALCIUM SILICATE BRICKS,ACTIVE,,,,single_source_unconfirmed,certification_status_unknown,True,single_source
IS 4148,IS 4148:1989,1989,Surgical Rubber Gloves - Specification,ACTIVE,Medical Devices,,True,verified_multi_source,no_full_text,False,multi_source
IS 4151,IS 4151:2015,2015,Protective Helmet For Two Wheeler Riders (Crash Helmets),ACTIVE,Automotive & Transport,Rider Safety Equipment,True,single_source_unconfirmed,no_full_text,False,single_source
IS 4159,IS 4159,,Mineral Filled Sheathed Heating Elements,ACTIVE,General Engineering & Consumer Goods,,,single_source_unconfirmed,no_scope_or_description|no_full_text|certification_status_unknown,False,single_source
IS 4160,IS 4160:1967,1967,INTERLOCKING SWITCH SOCKET OUTLET,ACTIVE,,,,single_source_unconfirmed,certification_status_unknown,True,single_source
IS 4162,IS 4162:2012,2012,Drinking Water — Specification,ACTIVE,WATER,,,unverified,no_full_text|demo_only_unverified_source|certification_status_unknown,False,demo_only
IS 4199,IS 4199,,"Toilet Soap, Liquid",ACTIVE,General Engineering & Consumer Goods,,,single_source_unconfirmed,no_scope_or_description|no_full_text|certification_status_unknown,False,single_source
IS 4237,IS 4237:1982,1982,General Requirements for Switchgear and Controlgear for Voltages not Exceeding 1000 V AC,ACTIVE,Electrical,,False,single_source_unconfirmed,no_full_text,False,single_source
IS 4246,IS 4246:2002,2002,Domestic Gas Stoves For Use With Liquefied Petroleum Gases,ACTIVE,Domestic & Consumer Appliances,Gas Appliances,True,single_source_unconfirmed,no_full_text,False,single_source
IS 4250,IS 4250:1980,1980,Domestic Electric Food-mixers (liquidizers And Grinders),ACTIVE,Domestic & Consumer Appliances,Food Preparation,True,single_source_unconfirmed,no_full_text,False,single_source
IS 4270,IS 4270:2001,2001,Steel Tubes Used For Water Wells,ACTIVE,Steel & Metallurgy,,True,verified_multi_source,,True,multi_source
IS 4308,IS 4308:2019,2019,Dry Chemical Powder for Fire Fighting - Specification,ACTIVE,Mechanical,,True,verified_multi_source,no_full_text,False,multi_source
IS 4320,IS 4320,,"Thiram, Technical",ACTIVE,General Engineering & Consumer Goods,,,single_source_unconfirmed,no_scope_or_description|no_full_text|certification_status_unknown,False,single_source
IS 4346,IS 4346:1982,1982,WASHERS  FOR USE WITH FITTINGS FOR WATER,ACTIVE,,,,single_source_unconfirmed,certification_status_unknown,True,single_source
IS 4350,IS 4350:1967,1967,CONCRETE POROUS PIPES FOR UNDER,ACTIVE,,,,single_source_unconfirmed,certification_status_unknown,True,single_source
IS 4351,IS 4351:2003,2003,Steel Door Frames -,ACTIVE,Steel & Metallurgy,,True,verified_multi_source,,True,multi_source
IS 4355,IS 4355,,Fire-resistant Brattice Cloth,ACTIVE,General Engineering & Consumer Goods,,,single_source_unconfirmed,no_scope_or_description|no_full_text|certification_status_unknown,False,single_source
IS 4447,IS 4447,,"Sodium Benzoate, Food Grade",ACTIVE,Food & Agriculture,,,single_source_unconfirmed,no_scope_or_description|no_full_text|certification_status_unknown,False,single_source
IS 4454 (Part 1),IS 4454 (Part 1),,Steel Wires For Mechanical Springs - Part I : Patented And Cold Drawn Steel Wires - Unalloyed,ACTIVE,Steel & Metallurgy,,True,single_source_unconfirmed,no_scope_or_description|no_full_text,False,single_source
IS 4454 (Part 2),IS 4454 (Part 2),,Steel Wires For Mechanical Springs - Part Ii : Oil Hardened And Tempered Spring Steel Wire And Valve Spring Wire - Unalloyed,ACTIVE,Steel & Metallurgy,,True,single_source_unconfirmed,no_scope_or_description|no_full_text,False,single_source
IS 4457,IS 4457:1982,1982,Ceramic Unglazed Vitreous Acid Resisting Tile,ACTIVE,Civil & Construction Materials,,True,verified_multi_source,,True,multi_source
IS 4467,IS 4467,,Caramel,ACTIVE,General Engineering & Consumer Goods,,,single_source_unconfirmed,no_scope_or_description|no_full_text|certification_status_unknown,False,single_source
IS 4505,IS 4505,,Sodium Formaldehyde Sulphoxylate,ACTIVE,General Engineering & Consumer Goods,,,single_source_unconfirmed,no_scope_or_description|no_full_text|certification_status_unknown,False,single_source
IS 4508,IS 4508,,Open Ended Slugging Wrenches (spanners),ACTIVE,General Engineering & Consumer Goods,,,single_source_unconfirmed,no_scope_or_description|no_full_text|certification_status_unknown,False,single_source
IS 4509,IS 4509,,Ring Slugging Wrenches (spanners),ACTIVE,General Engineering & Consumer Goods,,,single_source_unconfirmed,no_scope_or_description|no_full_text|certification_status_unknown,False,single_source
IS 4521,IS 4521,,Wire Ropes Used In Oil Wells And Oil Well Drilling,ACTIVE,Steel & Metallurgy,,True,single_source_unconfirmed,no_scope_or_description|no_full_text,False,single_source
IS 4572,IS 4572,,"Fibre Ropes Polyamide 3-, 4-, 8- And 12-strand Ropes",ACTIVE,General Engineering & Consumer Goods,,,single_source_unconfirmed,no_scope_or_description|no_full_text|certification_status_unknown,False,single_source
IS 4605,IS 4605,,Crepe Bandage,ACTIVE,General Engineering & Consumer Goods,,,single_source_unconfirmed,no_scope_or_description|no_full_text|certification_status_unknown,False,single_source
IS 4615,IS 4615:1968,1968,SWITCH SOCKET-OUTLETS,ACTIVE,,,,single_source_unconfirmed,certification_status_unknown,True,single_source
IS 4621,IS 4621:1975,1975,INDICATING BOLT FOR USE IN  PUBLIC BATHS,ACTIVE,,,,single_source_unconfirmed,certification_status_unknown,True,single_source
IS 4649,IS 4649:1968,1968,ADAPTORS FOR FLEXIBLE STEEL CONDUITS,ACTIVE,,,,single_source_unconfirmed,certification_status_unknown,True,single_source
IS 4671,IS 4671:1984,1984,EXPANDED POLYSTYRENE FOR THERMAL,ACTIVE,,,,single_source_unconfirmed,certification_status_unknown,True,single_source
IS 4752,IS 4752,,"Sodium Metabisulphite, Food Grade",ACTIVE,Food & Agriculture,,,single_source_unconfirmed,no_scope_or_description|no_full_text|certification_status_unknown,False,single_source
IS 4759,IS 4759,,Hot-dip Zinc Coatings On Structural Steel And Other Allied Products,ACTIVE,Steel & Metallurgy,,True,single_source_unconfirmed,no_scope_or_description|no_full_text,False,single_source
IS 4762,IS 4762:1984,1984,WORM DRIVE CLAMPS FOR GENERAL PURPOSE,ACTIVE,,,,single_source_unconfirmed,certification_status_unknown,True,single_source
IS 4766,IS 4766,,Thiram Water Dispersible Powders,ACTIVE,Food & Agriculture,,,single_source_unconfirmed,no_scope_or_description|no_full_text|certification_status_unknown,False,single_source
IS 4770,IS 4770:1991,1991,Rubber Gloves for Electrical Purposes — Specification,ACTIVE,Safety & PPE,Lineman Protective Equipment,True,verified_multi_source,no_full_text,False,multi_source
IS 4783,IS 4783,,Thiram Seed Dressing Formulations,ACTIVE,Food & Agriculture,,,single_source_unconfirmed,no_scope_or_description|no_full_text|certification_status_unknown,False,single_source
IS 4808,IS 4808,,Pyrethrum Emulsifiable Concentrates,ACTIVE,General Engineering & Consumer Goods,,,single_source_unconfirmed,no_scope_or_description|no_full_text|certification_status_unknown,False,single_source
IS 4832 (Part 1),IS 4832 (Part 1):1969,1969,CHEMICAL RESISTANT MORTARS,ACTIVE,,,,single_source_unconfirmed,certification_status_unknown,True,single_source
IS 4832 (Part 2),IS 4832 (Part 2):1969,1969,CHEMICAL RESISTANT MORTARS,ACTIVE,,,,single_source_unconfirmed,certification_status_unknown,True,single_source
IS 4832 (Part 3),IS 4832 (Part 3):1968,1968,CHEMICAL RESISTANT MORTARS,ACTIVE,,,,single_source_unconfirmed,certification_status_unknown,True,single_source
IS 4860,IS 4860:1968,1968,ACID – RESISTANT BRICKS,ACTIVE,,,,single_source_unconfirmed,certification_status_unknown,True,single_source
IS 4885,IS 4885:1988,1988,SEWER BRICKS,ACTIVE,,,,single_source_unconfirmed,certification_status_unknown,True,single_source
IS 4891,IS 4891:1988,1988,PREFERRED CUT SIZES OF  STRUCTURAL TIMBER,ACTIVE,,,,single_source_unconfirmed,certification_status_unknown,True,single_source
IS 4895,IS 4895:1985,1985,TEAK LOGS,ACTIVE,,,,single_source_unconfirmed,certification_status_unknown,True,single_source
IS 4923,IS 4923:2017,2017,Hollow Steel Sections for Structural Use — Specification,ACTIVE,Structural Steel,,,needs_review,full_text_edition_older_than_current_edition|source_conflict_present|certification_status_disputed_across_sources|certification_status_unknown,True,multi_source
IS 4926,IS 4926:2003,2003,Ready-Mixed Concrete (RMC),ACTIVE,Civil & Construction Materials,Concrete Products,False,single_source_unconfirmed,no_full_text,False,single_source
IS 4947,IS 4947,,Specification For Gas Cartridges For Use In Fire Extinguishers -,ACTIVE,General Engineering & Consumer Goods,,,single_source_unconfirmed,no_scope_or_description|no_full_text|certification_status_unknown,False,single_source
IS 4948,IS 4948:2002,2002,Welded Steel Wire Fabric For General Use,ACTIVE,Steel & Metallurgy,,True,verified_multi_source,,True,multi_source
IS 4962,IS 4962:1968,1968,WOODEN SIDE SLIDING DOORS,ACTIVE,,,,single_source_unconfirmed,certification_status_unknown,True,single_source
IS 4964,IS 4964,,"Textiles - Vest, Cotton, Plain (single Jersey) Knitted",ACTIVE,Civil & Construction Materials,,True,single_source_unconfirmed,no_scope_or_description|no_full_text,False,single_source
IS 4972,IS 4972:1968,1968,RESISTANCE SPOT – WELDING ELECTRODES,ACTIVE,,,,single_source_unconfirmed,certification_status_unknown,True,single_source
IS 4984,IS 4984:2016,2016,High Density Polyethylene (HDPE) Pipes for Water Supply - Specification,ACTIVE,Civil & Construction,Pipes & Fittings,True,needs_review,full_text_edition_older_than_current_edition|source_conflict_present|amendment_or_verification_data_self_asserted_not_network_verified,True,multi_source
IS 4985,IS 4985:2021,2021,Unplasticized PVC Pipes for Potable Water Supplies — Specification,ACTIVE,Water & Environment - Pipes,Pipes & Fittings,True,needs_review,full_text_edition_older_than_current_edition|source_conflict_present|amendment_or_verification_data_self_asserted_not_network_verified,True,multi_source
IS 4989,IS 4989,,Form Concentrate For Producing Mechanical Foam For Fire Fighting,ACTIVE,General Engineering & Consumer Goods,,,single_source_unconfirmed,no_scope_or_description|no_full_text|certification_status_unknown,False,single_source
IS 4990,IS 4990:1993,1993,Plywood For Concrete Shuttering Work - Specification,ACTIVE,Civil & Construction Materials,,True,verified_multi_source,,True,multi_source
IS 4992,IS 4992:1975,1975,DOOR HANDLES FOR MORTICE LOCKS,ACTIVE,,,,single_source_unconfirmed,certification_status_unknown,True,single_source
IS 4996,IS 4996:1984,1984,REINFORCED CONCRETE FENCE POSTS,ACTIVE,,,,single_source_unconfirmed,certification_status_unknown,True,single_source
IS 5012,IS 5012,,Cellulose Film,ACTIVE,General Engineering & Consumer Goods,,,single_source_unconfirmed,no_scope_or_description|no_full_text|certification_status_unknown,False,single_source
IS 5022,IS 5022,,"Sterilizers, Instruments (table Model)",ACTIVE,General Engineering & Consumer Goods,,,single_source_unconfirmed,no_scope_or_description|no_full_text|certification_status_unknown,False,single_source
IS 5025,IS 5025,,Specification for Obstetric Labour Beds,ACTIVE,Medical & Healthcare,Hospital Furniture,True,single_source_unconfirmed,no_full_text,False,single_source
IS 5120,IS 5120:1977,1977,Technical Requirements for Rotodynamic Special Purpose Pumps,ACTIVE,Mechanical,,False,single_source_unconfirmed,no_full_text,False,single_source
IS 5135 (Part 1),IS 5135 (Part 1),,Hand-rotary Duster - Part 1 : Belly-mounted Type,ACTIVE,General Engineering & Consumer Goods,,,single_source_unconfirmed,no_scope_or_description|no_full_text|certification_status_unknown,False,single_source
IS 5143,IS 5143,,Adjustable Axillary Crutches,ACTIVE,General Engineering & Consumer Goods,,,single_source_unconfirmed,no_scope_or_description|no_full_text|certification_status_unknown,False,single_source
IS 5168,IS 5168,,Glass Feeding Bottles,ACTIVE,Food & Agriculture,,,single_source_unconfirmed,no_scope_or_description|no_full_text|certification_status_unknown,False,single_source
IS 5175,IS 5175,,"Fibre Ropes Polypropylene Split Film, Monofilament And Multifilament(pp2)And Polypropylene High-Tenacity Multifilament (pp3) 3-, 4-, 8- And 12-strand Ropes",ACTIVE,"Plastics, Chemicals & Rubber",,,single_source_unconfirmed,no_scope_or_description|no_full_text|certification_status_unknown,False,single_source
IS 5187,IS 5187:1972,1972,FLUSH BOLTS,ACTIVE,,,,single_source_unconfirmed,certification_status_unknown,True,single_source
IS 5191,IS 5191,,"Sodium Alginate, Food Grade",ACTIVE,Food & Agriculture,,,single_source_unconfirmed,no_scope_or_description|no_full_text|certification_status_unknown,False,single_source
IS 5219,IS 5219:1969,1969,CAST COPPER ALLOYS TRAPS,ACTIVE,,,,single_source_unconfirmed,certification_status_unknown,True,single_source
IS 5244,IS 5244,,Safe Deposit Locker Cabinets Specification,ACTIVE,General Engineering & Consumer Goods,,,single_source_unconfirmed,no_scope_or_description|no_full_text|certification_status_unknown,False,single_source
IS 5246,IS 5246:2000,2000,CONIFEROUS LOGS,ACTIVE,,,,single_source_unconfirmed,certification_status_unknown,True,single_source
IS 5277,IS 5277,,Dichlorvos Emulsifiable Concentrates,ACTIVE,General Engineering & Consumer Goods,,,single_source_unconfirmed,no_scope_or_description|no_full_text|certification_status_unknown,False,single_source
IS 5290,IS 5290,,Specification For Landing Valves,ACTIVE,Pumps & Mechanical Equipment,,,single_source_unconfirmed,no_scope_or_description|no_full_text|certification_status_unknown,False,single_source
IS 5312 (Part 1),IS 5312 (Part 1):2004,2004,Swing Check Type Reflux (Non-Return) Valves for Water Works Purposes - Single Door Pattern,ACTIVE,Mechanical,,True,verified_multi_source,,True,multi_source
IS 5312 (Part 2),IS 5312 (Part 2):1986,1986,SWING  CHECK  TYPE  REFLUX,ACTIVE,,,,single_source_unconfirmed,certification_status_unknown,True,single_source
IS 5317,IS 5317:2002,2002,BITUMEN MASTIC FOR  BRIDGE,ACTIVE,,,,single_source_unconfirmed,certification_status_unknown,True,single_source
IS 5346,IS 5346,,Synthetic Food Colour - Preparations And Mixtures,ACTIVE,Food & Agriculture,,,single_source_unconfirmed,no_scope_or_description|no_full_text|certification_status_unknown,False,single_source
IS 5369,IS 5369:1975,1975,GENERAL REQUIREMENTS FOR PLAIN WASHERS,ACTIVE,,,,single_source_unconfirmed,certification_status_unknown,True,single_source
IS 5372,IS 5372:1975,1975,TAPER WASHERS FOR CHANNELS (ISMC),ACTIVE,,,,single_source_unconfirmed,certification_status_unknown,True,single_source
IS 5373,IS 5373:1969,1969,SQUARE WASHERS FOR WOOD FASTENINGS,ACTIVE,,,,single_source_unconfirmed,certification_status_unknown,True,single_source
IS 5374,IS 5374:1975,1975,TAPER WASHERS FOR I-BEAMS (ISMB),ACTIVE,,,,single_source_unconfirmed,certification_status_unknown,True,single_source
IS 5382,IS 5382:1985,1985,"Rubber Seals Joint Rings For Water Supply,Drainage And Sewerage Pipelines Specification For Materials",ACTIVE,Steel & Metallurgy,,True,verified_multi_source,,True,multi_source
IS 5384,IS 5384:1985,1985,ALUMINIUM   I–BEAM,ACTIVE,,,,single_source_unconfirmed,certification_status_unknown,True,single_source
IS 5405,IS 5405:2019,2019,Sanitary Napkins,ACTIVE,Medical & Healthcare,Hygiene Products,,single_source_unconfirmed,no_full_text|certification_status_unknown,False,single_source
IS 5410,IS 5410,,Cement Paint - Specification,ACTIVE,Civil & Construction Materials,,True,single_source_unconfirmed,no_scope_or_description|no_full_text,False,single_source
IS 5437,IS 5437:1994,1994,"FIGURED, ROLLED AND WIRED GLASS",ACTIVE,,,,single_source_unconfirmed,certification_status_unknown,True,single_source
IS 5455,IS 5455:1969,1969,CAST IRON STEPS FOR MANHOLES,ACTIVE,,,,single_source_unconfirmed,certification_status_unknown,True,single_source
IS 5470,IS 5470,,"Dicalcium Phosphate, Animal Feed Grade",ACTIVE,Food & Agriculture,,,single_source_unconfirmed,no_scope_or_description|no_full_text|certification_status_unknown,False,single_source
IS 5484,IS 5484,,Ec Grade Aluminium Rod produced by Continuous Casting and Rolling,ACTIVE,General Engineering & Consumer Goods,,,single_source_unconfirmed,no_scope_or_description|no_full_text|certification_status_unknown,False,single_source
IS 5487,IS 5487,,"Metal Polish, Liquid",ACTIVE,General Engineering & Consumer Goods,,,single_source_unconfirmed,no_scope_or_description|no_full_text|certification_status_unknown,False,single_source
IS 5504,IS 5504:1997,1997,Spiral Welded Pipes,ACTIVE,Steel & Metallurgy,,True,verified_multi_source,,True,multi_source
IS 5509,IS 5509:2021,2021,Fire Retardant Plywood -specification,ACTIVE,Civil & Construction Materials,Specialty Plywood,True,needs_review,full_text_edition_older_than_current_edition|source_conflict_present,True,multi_source
IS 5511,IS 5511:1991,1991,COVERED ELECTRODES FOR MANUAL METAL,ACTIVE,,,,single_source_unconfirmed,certification_status_unknown,True,single_source
IS 5513,IS 5513,,Specification For Vicat Apparatus,ACTIVE,General Engineering & Consumer Goods,,,single_source_unconfirmed,no_scope_or_description|no_full_text|certification_status_unknown,False,single_source
IS 5514,IS 5514,,Specification Apparatus Used In `le-chatelier' Test,ACTIVE,General Engineering & Consumer Goods,,,single_source_unconfirmed,no_scope_or_description|no_full_text|certification_status_unknown,False,single_source
IS 5516,IS 5516,,Specification Variable Flow Type Air-permeability Apparatus(blaine Type),ACTIVE,General Engineering & Consumer Goods,,,single_source_unconfirmed,no_scope_or_description|no_full_text|certification_status_unknown,False,single_source
IS 5517,IS 5517,,Steels For Hardening and Tempering,ACTIVE,Steel & Metallurgy,,True,single_source_unconfirmed,no_scope_or_description|no_full_text,False,single_source
IS 5522,IS 5522,,Stainless Steel Sheets And Strips For Utensils Specification,ACTIVE,Steel & Metallurgy,,True,single_source_unconfirmed,no_scope_or_description|no_full_text,False,single_source
IS 5531,IS 5531:1988,1988,CAST IRON SPECIALS FOR  ASBESTOS CEMENT,ACTIVE,,,,single_source_unconfirmed,certification_status_unknown,True,single_source
IS 5539,IS 5539:1969,1969,PRESERVATIVE TREATED PLYWOOD,ACTIVE,,,,single_source_unconfirmed,certification_status_unknown,True,single_source
IS 5557,IS 5557,,Industrial And Protective Rubber Knee And Ankle Boots,ACTIVE,"Plastics, Chemicals & Rubber",,,single_source_unconfirmed,no_scope_or_description|no_full_text|certification_status_unknown,False,single_source
IS 5557 (Part 2),IS 5557 (Part 2),,All Rubber Gum Boots And Ankle Boots Part 2 Occupational Purposes,ACTIVE,"Plastics, Chemicals & Rubber",,,single_source_unconfirmed,no_scope_or_description|no_full_text|certification_status_unknown,False,single_source
IS 5561,IS 5561:1970,1970,Electric Power Connectors - Specification,ACTIVE,Electrical,,True,single_source_unconfirmed,no_full_text,False,single_source
IS 5624,IS 5624:1993,1993,FOUNDATION BOLTS,ACTIVE,,,,single_source_unconfirmed,certification_status_unknown,True,single_source
IS 5676,IS 5676,,Moulded Solid Rubber Soles And Heels,ACTIVE,"Plastics, Chemicals & Rubber",,,single_source_unconfirmed,no_scope_or_description|no_full_text|certification_status_unknown,False,single_source
IS 5751,IS 5751:1984,1984,PRECAST  CONCRETE COPING BLOCKS,ACTIVE,,,,single_source_unconfirmed,certification_status_unknown,True,single_source
IS 5758,IS 5758:1984,1984,PRECAST CONCRETE KERBS,ACTIVE,,,,single_source_unconfirmed,certification_status_unknown,True,single_source
IS 5779,IS 5779:1986,1986,BURNT CLAY SOLING BRICKS,ACTIVE,,,,single_source_unconfirmed,certification_status_unknown,True,single_source
IS 5820,IS 5820:1970,1970,Precast Concrete Cable Covers,ACTIVE,Electrical & Electronics,,True,verified_multi_source,,True,multi_source
IS 5831,IS 5831:1984,1984,PVC Insulation and Sheath of Electric Cables,ACTIVE,Electrical,,True,verified_multi_source,no_full_text,False,multi_source
IS 5852,IS 5852,,Protective Steel Toe Caps For Footwear,ACTIVE,Steel & Metallurgy,,True,single_source_unconfirmed,no_scope_or_description|no_full_text,False,single_source
IS 5852 (Part 1),IS 5852 (Part 1),,Toe Caps For Protection Of Feet Part 1 Metallic Toe Caps,ACTIVE,General Engineering & Consumer Goods,,,single_source_unconfirmed,no_scope_or_description|no_full_text|certification_status_unknown,False,single_source
IS 5871,IS 5871:1987,1987,BITUMEN MASTIC FOR,ACTIVE,,,,single_source_unconfirmed,certification_status_unknown,True,single_source
IS 5872,IS 5872,,Cold Rolled Steel Strips (box Strappings),ACTIVE,Steel & Metallurgy,,True,single_source_unconfirmed,no_scope_or_description|no_full_text,False,single_source
IS 5897,IS 5897:1985,1985,ALUMINIUM AND ALUMINIUM ALLOY WELDING,ACTIVE,,,,single_source_unconfirmed,certification_status_unknown,True,single_source
IS 5898,IS 5898:1970,1970,COPPER AND COPPER ALLOY BARE SOLID,ACTIVE,,,,single_source_unconfirmed,certification_status_unknown,True,single_source
IS 5899,IS 5899:1970,1970,BATH ROOM LATCHES,ACTIVE,,,,single_source_unconfirmed,certification_status_unknown,True,single_source
IS 5930,IS 5930:1970,1970,MORTICE LATCH,ACTIVE,,,,single_source_unconfirmed,certification_status_unknown,True,single_source
IS 5950,IS 5950,,Shot Firing Cables (for Use Other Than In Shafts),ACTIVE,Electrical & Electronics,,True,single_source_unconfirmed,no_scope_or_description|no_full_text,False,single_source
IS 5961,IS 5961:1970,1970,CAST IRON GRATING FOR DRAINAGE PURPOSES,ACTIVE,,,,single_source_unconfirmed,certification_status_unknown,True,single_source
IS 5983,IS 5983:2018,2018,Respiratory Protective Devices — Eye and Face Protectors for Welding,ACTIVE,Safety & PPE,,False,single_source_unconfirmed,no_full_text,False,single_source
IS 5986,IS 5986,,Hot Rolled Steel Flat Products For Structural Forming And Flanging Purposes,ACTIVE,Steel & Metallurgy,,True,single_source_unconfirmed,no_scope_or_description|no_full_text,False,single_source
IS 6003,IS 6003:1983,1983,INDENTED WIRE FOR PRESTRESSED CONCRETE,ACTIVE,,,,single_source_unconfirmed,certification_status_unknown,True,single_source
IS 6006,IS 6006:1983,1983,Uncoated Stress Relieved Strand For Prestressed Concrete - Specification,ACTIVE,Civil & Construction Materials,,True,verified_multi_source,,True,multi_source
IS 6046,IS 6046,,Gypsum For Agricultural Use,ACTIVE,General Engineering & Consumer Goods,,,single_source_unconfirmed,no_scope_or_description|no_full_text|certification_status_unknown,False,single_source
IS 6047,IS 6047,,Scouring Products For Utensil Cleaning - Specification,ACTIVE,General Engineering & Consumer Goods,,,single_source_unconfirmed,no_scope_or_description|no_full_text|certification_status_unknown,False,single_source
IS 6056,IS 6056:1970,1970,JOINTED WOOD POLES FOR  OVERHEAD,ACTIVE,,,,single_source_unconfirmed,certification_status_unknown,True,single_source
IS 6072,IS 6072:1971,1971,AUTOCLAVED REINFORCED CELLULAR,ACTIVE,,,,single_source_unconfirmed,certification_status_unknown,True,single_source
IS 6073,IS 6073:1971,1971,AUTOCLAVED REINFORCED CELLULAR,ACTIVE,,,,single_source_unconfirmed,certification_status_unknown,True,single_source
IS 6113,IS 6113:1970,1970,ALUMINIUM FASTENERS FOR BUILDING,ACTIVE,,,,single_source_unconfirmed,certification_status_unknown,True,single_source
IS 6149,IS 6149,,Single-ended Open-jaw Adjustable Wrenches,ACTIVE,General Engineering & Consumer Goods,,,single_source_unconfirmed,no_scope_or_description|no_full_text|certification_status_unknown,False,single_source
IS 6163,IS 6163:1978,1978,CENTRIFUGALLY CAST (SPUN) IRON LOW,ACTIVE,,,,single_source_unconfirmed,certification_status_unknown,True,single_source
IS 6165,IS 6165:1992,1992,DIMENSIONS FOR SPECIAL SHAPES OF CLAY,ACTIVE,,,,single_source_unconfirmed,certification_status_unknown,True,single_source
IS 6192,IS 6192,,Textiles- Monoaxially Oriented High Density Polyethylene Tapes-specification,ACTIVE,Civil & Construction Materials,,True,single_source_unconfirmed,no_scope_or_description|no_full_text,False,single_source
IS 6198,IS 6198:1992,1992,"LEDGED, BRACED AND BATTENED TIMBER DOOR",ACTIVE,,,,single_source_unconfirmed,certification_status_unknown,True,single_source
IS 6218,IS 6218,,Bicycle - Mudguards,ACTIVE,General Engineering & Consumer Goods,,,single_source_unconfirmed,no_scope_or_description|no_full_text|certification_status_unknown,False,single_source
IS 6240,IS 6240,,Hot Rolled Steel Plate (up To 6 Mm) Sheet And Strip For The Manufacture Of Low Pressure Liquefiable Gas Cylinders,ACTIVE,Steel & Metallurgy,,True,single_source_unconfirmed,no_scope_or_description|no_full_text,False,single_source
IS 6248,IS 6248:1979,1979,METAL ROLLING SHUTTERS AND ROLLING,ACTIVE,,,,single_source_unconfirmed,certification_status_unknown,True,single_source
IS 6250,IS 6250:1981,1981,ROOFING SLATE TILES,ACTIVE,,,,single_source_unconfirmed,certification_status_unknown,True,single_source
IS 6286,IS 6286:1971,1971,SEAMLESS AND WELDED STEEL PIPE FOR,ACTIVE,,,,single_source_unconfirmed,certification_status_unknown,True,single_source
IS 6307,IS 6307:1985,1985,RIGID PVC SHEETS,ACTIVE,,,,single_source_unconfirmed,certification_status_unknown,True,single_source
IS 6312,IS 6312,,Polyethylene Containers For The Transport Of Materials,ACTIVE,"Plastics, Chemicals & Rubber",,,single_source_unconfirmed,no_scope_or_description|no_full_text|certification_status_unknown,False,single_source
IS 6315,IS 6315:1992,1992,FLOOR SPRINGS (HYDRAULICALLY  REGULATED),ACTIVE,,,,single_source_unconfirmed,certification_status_unknown,True,single_source
IS 6318,IS 6318:1971,1971,PLASTIC WINDOW STAYS AND FASTENERS,ACTIVE,,,,single_source_unconfirmed,certification_status_unknown,True,single_source
IS 6343,IS 6343:1982,1982,DOOR CLOSERS (PNEUMATICALLY REGULATED),ACTIVE,,,,single_source_unconfirmed,certification_status_unknown,True,single_source
IS 6392,IS 6392:1971,1971,Steel Pipe Flanges - Specification,ACTIVE,Mechanical,,True,verified_multi_source,no_full_text,False,multi_source
IS 6418,IS 6418:1971,1971,CAST IRON AND MALLEABLE CAST IRON,ACTIVE,,,,single_source_unconfirmed,certification_status_unknown,True,single_source
IS 6419,IS 6419,,Welding Rods And Bare Electrodes For Gas Shielded Arc Welding Of Structural Steel,ACTIVE,Steel & Metallurgy,,True,single_source_unconfirmed,no_scope_or_description|no_full_text,False,single_source
IS 6438,IS 6438,,Aluminium Phosphide Formulations,ACTIVE,Food & Agriculture,,,single_source_unconfirmed,no_scope_or_description|no_full_text|certification_status_unknown,False,single_source
IS 6444,IS 6444,,Sulphur Dusting Powders,ACTIVE,Food & Agriculture,,,single_source_unconfirmed,no_scope_or_description|no_full_text|certification_status_unknown,False,single_source
IS 6445,IS 6445:1985,1985,ALUMINIUM TEE - SECTIONS,ACTIVE,,,,single_source_unconfirmed,certification_status_unknown,True,single_source
IS 6452,IS 6452:1989,1989,HIGH ALUMINA CEMENT FOR STRUCTURAL USE,ACTIVE,,,,single_source_unconfirmed,certification_status_unknown,True,single_source
IS 6523,IS 6523:1983,1983,PRECAST REINFORCED CONCRETE DOOR,ACTIVE,,,,single_source_unconfirmed,certification_status_unknown,True,single_source
IS 6527,IS 6527,,Stainless Steel Wire Rod,ACTIVE,Steel & Metallurgy,,True,single_source_unconfirmed,no_scope_or_description|no_full_text,False,single_source
IS 6528,IS 6528,,Stainless Steel Wire,ACTIVE,Steel & Metallurgy,,True,single_source_unconfirmed,no_scope_or_description|no_full_text,False,single_source
IS 6538,IS 6538:1971,1971,THREE-PIN PLUGS MADE OF RESILIENTMATERIAL,ACTIVE,,,,single_source_unconfirmed,certification_status_unknown,True,single_source
IS 6560,IS 6560:1996,1996,MOLYBDENUM AND CHROMIUM-MOLYBDENUM,ACTIVE,,,,single_source_unconfirmed,certification_status_unknown,True,single_source
IS 6579,IS 6579:1981,1981,COARSE AGGREGATE FOR WATER BOUND,ACTIVE,,,,single_source_unconfirmed,certification_status_unknown,True,single_source
IS 6593,IS 6593,,Electric Serological Water-baths,ACTIVE,Electrical & Electronics,,True,single_source_unconfirmed,no_scope_or_description|no_full_text,False,single_source
IS 6595 (Part 1),IS 6595 (Part 1),,"Horizontal Centrifugal Pumps For Clear, Cold Water - Part 1 : Agricultural And Rural Water Supply Purposes",ACTIVE,Pumps & Mechanical Equipment,,,single_source_unconfirmed,no_scope_or_description|no_full_text|certification_status_unknown,False,single_source
IS 6595 (Part 2),IS 6595 (Part 2),,"Horizontal Centrifugal Pumps For Clear,Cold Water:Part2General Purposes Other Than Agricultural And Rural Water Supply",ACTIVE,Pumps & Mechanical Equipment,,,single_source_unconfirmed,no_scope_or_description|no_full_text|certification_status_unknown,False,single_source
IS 6598,IS 6598:1972,1972,CELLULAR CONCRETE FOR THERMAL INSULATION,ACTIVE,,,,single_source_unconfirmed,certification_status_unknown,True,single_source
IS 6603,IS 6603,,Stainless Steel Bars And Flats,ACTIVE,Steel & Metallurgy,,True,single_source_unconfirmed,no_scope_or_description|no_full_text,False,single_source
IS 6607,IS 6607:1972,1972,REBATED MORTICE LOCKS (VERTICAL TYPE),ACTIVE,,,,single_source_unconfirmed,certification_status_unknown,True,single_source
IS 6610,IS 6610:1972,1972,HEAVY WASHERS FOR STEEL STRUCTURES,ACTIVE,,,,single_source_unconfirmed,certification_status_unknown,True,single_source
IS 6623,IS 6623:2004,2004,HIGH STRENGTH STRUCTURAL NUTS,ACTIVE,,,,single_source_unconfirmed,certification_status_unknown,True,single_source
IS 6639,IS 6639:1972,1972,HEXAGON BOLTS FOR STEEL STRUCTURES,ACTIVE,,,,single_source_unconfirmed,certification_status_unknown,True,single_source
IS 6649,IS 6649:1985,1985,HARDENED AND TEMPERED WASHERS FOR HIGH,ACTIVE,,,,single_source_unconfirmed,certification_status_unknown,True,single_source
IS 6701,IS 6701,,Tungsten Filament Miscellaneous Electric Lamps,ACTIVE,Electrical & Electronics,,True,single_source_unconfirmed,no_scope_or_description|no_full_text,False,single_source
IS 6733,IS 6733:1972,1972,WALL AND ROOFING NAILS,ACTIVE,,,,single_source_unconfirmed,certification_status_unknown,True,single_source
IS 6736,IS 6736:1972,1972,SLOTTED RAISED COUNTERSUNK HEAD,ACTIVE,,,,single_source_unconfirmed,certification_status_unknown,True,single_source
IS 6739,IS 6739:1972,1972,SLOTTED ROUND HEAD WOOD SCREWS,ACTIVE,,,,single_source_unconfirmed,certification_status_unknown,True,single_source
IS 6760,IS 6760:1972,1972,Slotted Countersunk Head Wood Screws,ACTIVE,Civil & Construction Materials,,True,verified_multi_source,,True,multi_source
IS 6784,IS 6784:1996,1996,Method for Performance Testing of Water Meters,ACTIVE,Mechanical,,False,single_source_unconfirmed,no_full_text,False,single_source
IS 6803,IS 6803,,Special Proofed Canvas And Duck,ACTIVE,General Engineering & Consumer Goods,,,single_source_unconfirmed,no_scope_or_description|no_full_text|certification_status_unknown,False,single_source
IS 6908,IS 6908:1991,1991,ASBESTOS CEMENT PIPES AND FITTINGS FOR,ACTIVE,,,,single_source_unconfirmed,certification_status_unknown,True,single_source
IS 6909,IS 6909:1990,1990,SUPERSULPHATED CEMENT,ACTIVE,,,,single_source_unconfirmed,certification_status_unknown,True,single_source
IS 6911,IS 6911,,"Stainless Steel Plate, Sheet And Strip",ACTIVE,Steel & Metallurgy,,True,single_source_unconfirmed,no_scope_or_description|no_full_text,False,single_source
IS 6956,IS 6956,,Cover Paper,ACTIVE,General Engineering & Consumer Goods,,,single_source_unconfirmed,no_scope_or_description|no_full_text|certification_status_unknown,False,single_source
IS 7021,IS 7021,,Protein-rich Food Supplements For Infants And Preschool Children,ACTIVE,Food & Agriculture,,,single_source_unconfirmed,no_scope_or_description|no_full_text|certification_status_unknown,False,single_source
IS 7058,IS 7058,,Table Wines,ACTIVE,General Engineering & Consumer Goods,,,single_source_unconfirmed,no_scope_or_description|no_full_text|certification_status_unknown,False,single_source
IS 7098 (Part 1),IS 7098 (Part 1):1988,1988,Crosslinked Polyethylene (XLPE) Insulated PVC Sheathed Cables for Working Voltages up to and including 1100 V,ACTIVE,Electrical,Power Cables,True,verified_multi_source,amendment_or_verification_data_self_asserted_not_network_verified,True,multi_source
IS 7098 (Part 2),IS 7098 (Part 2):2011,2011,Crosslinked Polyethylene (XLPE) Insulated PVC Sheathed Cables for Working Voltages from 3.3 kV up to and including 33 kV,ACTIVE,Electrical,Power Cables,True,verified_multi_source,no_full_text,False,multi_source
IS 7098 (Part 3),IS 7098 (Part 3),,Cross-linked Polyethylene Insulated Thermoplastic Sheathed Cables: Part 3 For Working Voltages From 66 Kv Upto And Including 220 Kv,ACTIVE,Electrical & Electronics,,True,single_source_unconfirmed,no_scope_or_description|no_full_text,False,single_source
IS 7181,IS 7181:1986,1986,"Horizontally Cast Iron Double Flanged Pipes For Water, Gas And Sewage",ACTIVE,Steel & Metallurgy,,True,verified_multi_source,,True,multi_source
IS 7193,IS 7193:1974,1974,GLASS FIBRE BASE BITUMEN FELTS,ACTIVE,,,,single_source_unconfirmed,certification_status_unknown,True,single_source
IS 7196,IS 7196:1974,1974,HOLD FAST,ACTIVE,,,,single_source_unconfirmed,certification_status_unknown,True,single_source
IS 7197,IS 7197:1974,1974,DOUBLE ACTION  FLOOR SPRINGS,ACTIVE,,,,single_source_unconfirmed,certification_status_unknown,True,single_source
IS 7224,IS 7224,,"Iodized Salt, Vacuum Evaporated Iodized Salt And Refined Iodized Salt",ACTIVE,"Plastics, Chemicals & Rubber",,,single_source_unconfirmed,no_scope_or_description|no_full_text|certification_status_unknown,False,single_source
IS 7226,IS 7226:1974,1974,"COLD–ROLLED MEDIUM, HIGH CARBON AND LOW",ACTIVE,,,,single_source_unconfirmed,certification_status_unknown,True,single_source
IS 7231,IS 7231:1994,1994,Plastic Flushing Cisterns For Waterclosets And Urinals,ACTIVE,"Plastics, Chemicals & Rubber",,,verified_multi_source,certification_status_unknown,True,multi_source
IS 7280,IS 7280:1974,1974,BARE WIRE ELECTRODES FOR SUBMERGED ARC,ACTIVE,,,,single_source_unconfirmed,certification_status_unknown,True,single_source
IS 7283,IS 7283,,Hot Rolled Bars For Production Of Bright Bars And Machined Parts For Engineering Applications,ACTIVE,Pumps & Mechanical Equipment,,,single_source_unconfirmed,no_scope_or_description|no_full_text|certification_status_unknown,False,single_source
IS 7285 (Part 2),IS 7285 (Part 2):2017,2017,Seamless Steel Gas Cylinders,ACTIVE,Steel & Metallurgy,High Pressure Cylinders,True,single_source_unconfirmed,no_full_text,False,single_source
IS 7308,IS 7308:1999,1999,NON-CONIFEROUS LOGS,ACTIVE,,,,single_source_unconfirmed,certification_status_unknown,True,single_source
IS 7316,IS 7316:1974,1974,DECORATIVE PLYWOOD USING PLURALITY,ACTIVE,,,,single_source_unconfirmed,certification_status_unknown,True,single_source
IS 7319,IS 7319:1974,1974,PERFORATED CONCRETE PIPES,ACTIVE,,,,single_source_unconfirmed,certification_status_unknown,True,single_source
IS 7320,IS 7320,,Specification For Concrete Slump Test Apparatus,ACTIVE,Civil & Construction Materials,,True,single_source_unconfirmed,no_scope_or_description|no_full_text,False,single_source
IS 7322,IS 7322:1985,1985,SPECIALS FOR STEEL CYLINDER REINFORCED,ACTIVE,,,,single_source_unconfirmed,certification_status_unknown,True,single_source
IS 7328,IS 7328:2020,2020,High Density Polyethylene (HDPE) Materials for Moulding and Extrusion,ACTIVE,Chemicals,,True,single_source_unconfirmed,no_full_text,False,single_source
IS 7347,IS 7347,,Performance Of Small Size Spark Ignition Engines For Agricultural Sprayers And Similar Applications,ACTIVE,Pumps & Mechanical Equipment,,,single_source_unconfirmed,no_scope_or_description|no_full_text|certification_status_unknown,False,single_source
IS 7372,IS 7372,,Lead-acid Storage Batteries For Motor Vehicles,ACTIVE,Electrical & Electronics,,True,single_source_unconfirmed,no_scope_or_description|no_full_text,False,single_source
IS 7378,IS 7378,,Specification for Bedside Lockers for Hospital Use,ACTIVE,Medical & Healthcare,Hospital Furniture,True,single_source_unconfirmed,no_full_text,False,single_source
IS 7452,IS 7452:1990,1990,"Specification For Hot-rolled Steel Sections For Doors,Windows And Ventilators",ACTIVE,Steel & Metallurgy,,True,verified_multi_source,,True,multi_source
IS 7454,IS 7454,,Hospital Furniture - Revolving Stool - Specification,ACTIVE,Medical & Healthcare,Hospital Furniture,True,single_source_unconfirmed,no_full_text,False,single_source
IS 7466,IS 7466,,Rubber Gaskets For Pressure Cookers,ACTIVE,"Plastics, Chemicals & Rubber",,,single_source_unconfirmed,no_scope_or_description|no_full_text|certification_status_unknown,False,single_source
IS 7509,IS 7509:1993,1993,THERMAL INSULATING CEMENT,ACTIVE,,,,single_source_unconfirmed,certification_status_unknown,True,single_source
IS 7532,IS 7532,,Soft Soap - Specification,ACTIVE,General Engineering & Consumer Goods,,,single_source_unconfirmed,no_scope_or_description|no_full_text|certification_status_unknown,False,single_source
IS 7534,IS 7534:1985,1985,SLIDING LOCKING BOLTS FOR USE WITH,ACTIVE,,,,single_source_unconfirmed,certification_status_unknown,True,single_source
IS 7538,IS 7538,,Three-phase Squirrel Cage Induction Motors For Centrifugal Pumps For Agricultural Applications,ACTIVE,Electrical & Electronics,,True,single_source_unconfirmed,no_scope_or_description|no_full_text,False,single_source
IS 7540,IS 7540:1974,1974,MORTICE DEAD  LOCKS,ACTIVE,,,,single_source_unconfirmed,certification_status_unknown,True,single_source
IS 7556,IS 7556:1988,1988,BURNT CLAY  JALLIES,ACTIVE,,,,single_source_unconfirmed,certification_status_unknown,True,single_source
IS 7593 (Part 1),IS 7593 (Part 1),,Power-operated Pneumatic Sprayer-cum-duster - Part 1 : Knapsack Type,ACTIVE,General Engineering & Consumer Goods,,,single_source_unconfirmed,no_scope_or_description|no_full_text|certification_status_unknown,False,single_source
IS 7620 (Part 1),IS 7620 (Part 1):1986,1986,Diagnostic Medical X-Ray Equipment - Part 1: General Requirements,ACTIVE,Medical Devices,,True,single_source_unconfirmed,no_full_text,False,single_source
IS 7652,IS 7652,,"Sphygmomanometer, Aneroid Type",ACTIVE,Electrical & Electronics,,True,single_source_unconfirmed,no_scope_or_description|no_full_text,False,single_source
IS 7809 (Part 3/Sec 1),IS 7809 (Part 3/Sec 1),,Pressure Sensitive Adhesive Insulating Tapes For Electrical Purposes- Part3:Requirements For Individual Materials-Section1:Plasticized Polyvinylchloride Tapes With Non-thermosetting Adhesive,ACTIVE,Electrical & Electronics,,True,single_source_unconfirmed,no_scope_or_description|no_full_text,False,single_source
IS 7834,IS 7834:1987,1987,INJECTION MOULDED PVC SOCKET FITTINGS,ACTIVE,,,,single_source_unconfirmed,certification_status_unknown,True,single_source
IS 7834 (Part 1),IS 7834 (Part 1),,Injection Moulded Pvc Socket Fittings With Solvent Cement Joints For Water Supplies: Part 1 General Requirements,ACTIVE,Electrical & Electronics,,True,single_source_unconfirmed,no_scope_or_description|no_full_text,False,single_source
IS 7834 (Part 2),IS 7834 (Part 2):1987,1987,INJECTION MOULDED PVC SOCKET,ACTIVE,,,,single_source_unconfirmed,certification_status_unknown,True,single_source
IS 7834 (Part 3),IS 7834 (Part 3):1987,1987,Injection Moulded Pvc Socket Fittings With Solvent Cement Joints For Water Supplies: Part 3 Specific Requirements For 90 Degree Elbows,ACTIVE,Electrical & Electronics,,True,verified_multi_source,,True,multi_source
IS 7834 (Part 4),IS 7834 (Part 4):1987,1987,– INJECTION MOULDED PVC SOCKET,ACTIVE,,,,single_source_unconfirmed,certification_status_unknown,True,single_source
IS 7834 (Part 5),IS 7834 (Part 5):1987,1987,– INJECTION MOULDED PVC SOCKET,ACTIVE,,,,single_source_unconfirmed,certification_status_unknown,True,single_source
IS 7834 (Part 6),IS 7834 (Part 6):1987,1987,INJECTION MOULDING PVC SOCKET FITTINGS,ACTIVE,,,,single_source_unconfirmed,certification_status_unknown,True,single_source
IS 7834 (Part 7),IS 7834 (Part 7):1987,1987,INJECTION MOULDED PVC SOCKET,ACTIVE,,,,single_source_unconfirmed,certification_status_unknown,True,single_source
IS 7834 (Part 8),IS 7834 (Part 8):1987,1987,- INJECTION MOULDED PVC SOCKET,ACTIVE,,,,single_source_unconfirmed,certification_status_unknown,True,single_source
IS 7872,IS 7872,,Deep freezers,ACTIVE,General Engineering & Consumer Goods,,,single_source_unconfirmed,no_scope_or_description|no_full_text|certification_status_unknown,False,single_source
IS 7874 (Part 1),IS 7874 (Part 1):1975,1975,Methods of Tests for Animal Feeds and Feeding Stuffs - Part 1: General Methods,ACTIVE,Food & Agriculture,,False,single_source_unconfirmed,no_full_text,False,single_source
IS 7887,IS 7887:1992,1992,Mild Steel Wire Rods For General Engineering Purposes,ACTIVE,Steel & Metallurgy,,True,verified_multi_source,,True,multi_source
IS 7903,IS 7903,,Textiles - Tarpaulins Made From High Density Polyethylene Woven Fabric,ACTIVE,Civil & Construction Materials,,True,single_source_unconfirmed,no_scope_or_description|no_full_text,False,single_source
IS 7904,IS 7904,,High Carbon Steel Wire Rods,ACTIVE,Steel & Metallurgy,,True,single_source_unconfirmed,no_scope_or_description|no_full_text,False,single_source
IS 7933,IS 7933,,Flexible Polyurethane Foam For Domestic Mattresses,ACTIVE,General Engineering & Consumer Goods,,,single_source_unconfirmed,no_scope_or_description|no_full_text|certification_status_unknown,False,single_source
IS 7943,IS 7943:1976,1976,Specification for Industrial Safety Helmets,ACTIVE,Electrical,,True,single_source_unconfirmed,no_full_text,False,single_source
IS 7987,IS 7987:1979,1979,Guide for Selection of High Voltage AC Circuit Breakers,ACTIVE,Electrical,,False,single_source_unconfirmed,no_full_text,False,single_source
IS 8008 (Part 1),IS 8008 (Part 1):2003,2003,Injection Moulded/Machined High Density Polyethylene (HDPE) Fittings for Potable Water Supplies - Part 1 : General Requirements for Fittings,ACTIVE,"Plastics, Chemicals & Rubber",,,verified_multi_source,certification_status_unknown,True,multi_source
IS 8008 (Part 2),IS 8008 (Part 2):2003,2003,INJECTION MOULDED HIGH DENSITY,ACTIVE,,,,single_source_unconfirmed,certification_status_unknown,True,single_source
IS 8008 (Part 3),IS 8008 (Part 3):2003,2003,INJECTION MOULDED HIGH DENSITY,ACTIVE,,,,single_source_unconfirmed,certification_status_unknown,True,single_source
IS 8008 (Part 4),IS 8008 (Part 4):2003,2003,INJECTION MOULDED HIGH DENSITY,ACTIVE,,,,single_source_unconfirmed,certification_status_unknown,True,single_source
IS 8008 (Part 5),IS 8008 (Part 5):2003,2003,INJECTION MOULDED HIGH DENSITY,ACTIVE,,,,single_source_unconfirmed,certification_status_unknown,True,single_source
IS 8008 (Part 6),IS 8008 (Part 6):2003,2003,INJECTION MOULDED HIGH DENSITY,ACTIVE,,,,single_source_unconfirmed,certification_status_unknown,True,single_source
IS 8008 (Part 7),IS 8008 (Part 7):2003,2003,INJECTION MOULDED HIGH DENSITY,ACTIVE,,,,single_source_unconfirmed,certification_status_unknown,True,single_source
IS 8025,IS 8025,,"Monocrotophos, Technical",ACTIVE,General Engineering & Consumer Goods,,,single_source_unconfirmed,no_scope_or_description|no_full_text|certification_status_unknown,False,single_source
IS 8028,IS 8028,,Quinalphos Ec,ACTIVE,General Engineering & Consumer Goods,,,single_source_unconfirmed,no_scope_or_description|no_full_text|certification_status_unknown,False,single_source
IS 8033,IS 8033:1976,1976,WASHERS WITH SQUARE HOLE FOR WOOD,ACTIVE,,,,single_source_unconfirmed,certification_status_unknown,True,single_source
IS 8034,IS 8034:2018,2018,Submersible Pumpsets - Specification,ACTIVE,Mechanical,,True,verified_multi_source,no_full_text,False,multi_source
IS 8035,IS 8035,,Handpump - Shallow Well,ACTIVE,Pumps & Mechanical Equipment,,,single_source_unconfirmed,no_scope_or_description|no_full_text|certification_status_unknown,False,single_source
IS 8041,IS 8041:1990,1990,RAPID HARDENING PORTLAND CEMENT,ACTIVE,,,,single_source_unconfirmed,certification_status_unknown,True,single_source
IS 8042,IS 8042:1989,1989,WHITE  PORTLAND CEMENT,ACTIVE,,,,single_source_unconfirmed,certification_status_unknown,True,single_source
IS 8043,IS 8043:1991,1991,HYDROPHOBIC PORTLAND CEMENT,ACTIVE,,,,single_source_unconfirmed,certification_status_unknown,True,single_source
IS 8074,IS 8074,,Monocrotophos Sl,ACTIVE,General Engineering & Consumer Goods,,,single_source_unconfirmed,no_scope_or_description|no_full_text|certification_status_unknown,False,single_source
IS 8081,IS 8081:1976,1976,SLOTTED SECTIONS,ACTIVE,,,,single_source_unconfirmed,certification_status_unknown,True,single_source
IS 8112,IS 8112:2013,2013,"Ordinary Portland Cement, 43 Grade — Specification",ACTIVE,Construction Materials - Cement,,True,needs_review,full_text_edition_older_than_current_edition|source_conflict_present,True,multi_source
IS 8130,IS 8130:2013,2013,Conductors for Insulated Electric Cables and Flexible Cords,ACTIVE,Electrical - Cables,,,needs_review,no_full_text|source_conflict_present|certification_status_disputed_across_sources|certification_status_unknown,False,multi_source
IS 8144,IS 8144,,Multipurpose Dry Batteries,ACTIVE,General Engineering & Consumer Goods,,,single_source_unconfirmed,no_scope_or_description|no_full_text|certification_status_unknown,False,single_source
IS 8154,IS 8154:1993,1993,PREORMED CALCIUM SILICATE INSULATION,ACTIVE,,,,single_source_unconfirmed,certification_status_unknown,True,single_source
IS 8183,IS 8183:1993,1993,BONDED MINERAL WOOL,ACTIVE,,,,single_source_unconfirmed,certification_status_unknown,True,single_source
IS 8249,IS 8249,,"Zinc Sulphate Heptahydrate, Agricultural Grade",ACTIVE,General Engineering & Consumer Goods,,,single_source_unconfirmed,no_scope_or_description|no_full_text|certification_status_unknown,False,single_source
IS 8272,IS 8272:1984,1984,GYPSUM PLASTER FOR USE IN THE,ACTIVE,,,,single_source_unconfirmed,certification_status_unknown,True,single_source
IS 8291,IS 8291,,Phenthoate Emulsifiable Concentrates,ACTIVE,General Engineering & Consumer Goods,,,single_source_unconfirmed,no_scope_or_description|no_full_text|certification_status_unknown,False,single_source
IS 8309,IS 8309,,Compression Type Tubular Terminal Ends For Aluminium Conductors Of Insulated Cables,ACTIVE,Electrical & Electronics,,True,single_source_unconfirmed,no_scope_or_description|no_full_text,False,single_source
IS 8329,IS 8329:2000,2000,"Centrifugally Cast (Ductile) Iron Pressure Pipes for Water, Gas and Sewage",ACTIVE,Civil & Construction,,True,verified_multi_source,,True,multi_source
IS 8360 (Part 1),IS 8360 (Part 1):1977,1977,FABRICATED HIGH DENSITY,ACTIVE,,,,single_source_unconfirmed,certification_status_unknown,True,single_source
IS 8360 (Part 2),IS 8360 (Part 2):1977,1977,FABRICATED HIGH DENSITY,ACTIVE,,,,single_source_unconfirmed,certification_status_unknown,True,single_source
IS 8360 (Part 3),IS 8360 (Part 3):1977,1977,FABRICATED HIGH  DENSITY POLYETHYLENE,ACTIVE,,,,single_source_unconfirmed,certification_status_unknown,True,single_source
IS 8363,IS 8363:1976,1976,BARE WIRE ELECTRODES FOR ELECTROSLAG,ACTIVE,,,,single_source_unconfirmed,certification_status_unknown,True,single_source
IS 8374,IS 8374:1977,1977,"BITUMEN MASTIC, ANTI-STATIC AND",ACTIVE,,,,single_source_unconfirmed,certification_status_unknown,True,single_source
IS 8391 (Part 1),IS 8391 (Part 1),,Rubberized Coir Sheets For Cushioning Part 1: Curled,ACTIVE,"Plastics, Chemicals & Rubber",,,single_source_unconfirmed,no_scope_or_description|no_full_text|certification_status_unknown,False,single_source
IS 8412,IS 8412:1977,1977,SLOTTED COUNTERSUNK HEAD BOLTS FOR,ACTIVE,,,,single_source_unconfirmed,certification_status_unknown,True,single_source
IS 8418,IS 8418,,Horizontal Centrifugal Self-priming Pumps,ACTIVE,Pumps & Mechanical Equipment,,,single_source_unconfirmed,no_scope_or_description|no_full_text|certification_status_unknown,False,single_source
IS 8423,IS 8423,,Specification For Controlled Percolating Hose For Fire Fighting,ACTIVE,General Engineering & Consumer Goods,,,single_source_unconfirmed,no_scope_or_description|no_full_text|certification_status_unknown,False,single_source
IS 8442,IS 8442,,Stand Post Type Water And Foam Monitor For Fire Fighting -specification,ACTIVE,General Engineering & Consumer Goods,,,single_source_unconfirmed,no_scope_or_description|no_full_text|certification_status_unknown,False,single_source
IS 8446,IS 8446,,Pesticide - Carbendazim (mbc) Wp,ACTIVE,General Engineering & Consumer Goods,,,single_source_unconfirmed,no_scope_or_description|no_full_text|certification_status_unknown,False,single_source
IS 8448,IS 8448,,Automatic Line Voltage Correctors (step Type) For Domestic Use,ACTIVE,Electrical & Electronics,,True,single_source_unconfirmed,no_scope_or_description|no_full_text,False,single_source
IS 8462,IS 8462,,"Sterilizer, Portable, Vertical, Pressure Type",ACTIVE,General Engineering & Consumer Goods,,,single_source_unconfirmed,no_scope_or_description|no_full_text|certification_status_unknown,False,single_source
IS 8472,IS 8472:2019,2019,Regenerative Pumps for Clean Water - Specification,ACTIVE,Mechanical,,True,verified_multi_source,no_full_text,False,multi_source
IS 8498,IS 8498,,Temephos Emulsifiable Concentrates (ec),ACTIVE,General Engineering & Consumer Goods,,,single_source_unconfirmed,no_scope_or_description|no_full_text|certification_status_unknown,False,single_source
IS 8500,IS 8500:1991,1991,STRUCTURAL  STEEL- MICRO ALLOYED,ACTIVE,,,,single_source_unconfirmed,certification_status_unknown,True,single_source
IS 8521 (Part 1),IS 8521 (Part 1),,Industrial Safety Face Shields Part 1 With Plastic Visor,ACTIVE,"Plastics, Chemicals & Rubber",,,single_source_unconfirmed,no_scope_or_description|no_full_text|certification_status_unknown,False,single_source
IS 8623 (Part 1),IS 8623 (Part 1):1993,1993,Specification for Low-Voltage Switchgear and Controlgear Assemblies,ACTIVE,Electrical,,True,single_source_unconfirmed,no_full_text,False,single_source
IS 8686,IS 8686:1977,1977,Static Protective Relays - Specification,ACTIVE,Electrical,,True,single_source_unconfirmed,no_full_text,False,single_source
IS 8707,IS 8707,,"Mancozeb, Technical - Specification",ACTIVE,General Engineering & Consumer Goods,,,single_source_unconfirmed,no_scope_or_description|no_full_text|certification_status_unknown,False,single_source
IS 8708,IS 8708,,Mancozeb Wettable Powder,ACTIVE,Food & Agriculture,,,single_source_unconfirmed,no_scope_or_description|no_full_text|certification_status_unknown,False,single_source
IS 8718,IS 8718:1978,1978,VITREOUS ENAMELLED STEELKITCHEN SINKS,ACTIVE,,,,single_source_unconfirmed,certification_status_unknown,True,single_source
IS 8727,IS 8727:1978,1978,VITREOUS  ENAMELLED STEEL WASH–BASINS,ACTIVE,,,,single_source_unconfirmed,certification_status_unknown,True,single_source
IS 8737,IS 8737:2019,2019,Valves for LPG Cylinders,ACTIVE,Domestic & Consumer Appliances,LPG Accessories,True,single_source_unconfirmed,no_full_text,False,single_source
IS 8760,IS 8760:1978,1978,MORTICE  SLIDING  DOOR LOCKS,ACTIVE,,,,single_source_unconfirmed,certification_status_unknown,True,single_source
IS 8783 (Part 4/Sec 1),IS 8783 (Part 4/Sec 1),,Winding Wires For Submersible Motors-Part4:Individual Wires- Section 1 : Hr Pvc Insulated Wires,ACTIVE,Steel & Metallurgy,,True,single_source_unconfirmed,no_scope_or_description|no_full_text,False,single_source
IS 8783 (Part 4/Sec 3),IS 8783 (Part 4/Sec 3),,Winding Wires For Submersible Motors-Part4:Individual Wires- Section 3 : Polyester And Polypropylene Insulated Winding Wires,ACTIVE,Steel & Metallurgy,,True,single_source_unconfirmed,no_scope_or_description|no_full_text,False,single_source
IS 8789,IS 8789:2014,2014,Values of Performance Characteristics for Three-Phase Induction Motors,ACTIVE,Electrical,,True,single_source_unconfirmed,no_full_text,False,single_source
IS 8794,IS 8794:1988,1988,Cast Iron Detachable Joints For Use With Asbestos Cement Pressure Pipes,ACTIVE,Steel & Metallurgy,,True,verified_multi_source,,True,multi_source
IS 8808,IS 8808,,Burners For Oil Pressure Stoves And Oil Pressure Heaters,ACTIVE,Electrical & Electronics,,True,single_source_unconfirmed,no_scope_or_description|no_full_text,False,single_source
IS 8828,IS 8828:1996,1996,Electrical Accessories - Circuit-Breakers for Overcurrent Protection (MCB),WITHDRAWN,Electrical,,True,needs_review,no_full_text|source_conflict_present|withdrawn_standard_confirm_successor_before_use,False,multi_source
IS 8869,IS 8869:1978,1978,WASHERS FOR CORRUGATED SHEET ROOFING,ACTIVE,,,,single_source_unconfirmed,certification_status_unknown,True,single_source
IS 8870,IS 8870:1978,1978,ASBESTOS CEMENT CABLE CONDUITS,ACTIVE,,,,single_source_unconfirmed,certification_status_unknown,True,single_source
IS 8887,IS 8887:2018,2018,Bitumen Emulsion for Roads (Cationic Type) - Specification,ACTIVE,Civil & Construction,,True,needs_review,full_text_edition_older_than_current_edition|source_conflict_present,True,multi_source
IS 8910,IS 8910,,General Requirements for Supply of Microalloyed Steel,ACTIVE,Testing & Normative Reference,,,single_source_unconfirmed,no_full_text|certification_status_unknown,False,single_source
IS 8931,IS 8931:1993,1993,"Copper Alloy Fancy Single Taps, Combination Tap Assembly And Stop Valves For Water Services",ACTIVE,Steel & Metallurgy,,True,verified_multi_source,,True,multi_source
IS 8944,IS 8944,,Chlorpyrifos Emulsifiable Concentrates,ACTIVE,General Engineering & Consumer Goods,,,single_source_unconfirmed,no_scope_or_description|no_full_text|certification_status_unknown,False,single_source
IS 8963,IS 8963,,"Chlorpyrifos, Technical",ACTIVE,General Engineering & Consumer Goods,,,single_source_unconfirmed,no_scope_or_description|no_full_text|certification_status_unknown,False,single_source
IS 8978,IS 8978,,Electric Instantaneous Water Heaters,ACTIVE,Electrical & Electronics,,True,single_source_unconfirmed,no_scope_or_description|no_full_text,False,single_source
IS 9000 (Part 1),IS 9000 (Part 1):1977,1977,Basic Environmental Testing Procedures for Electronic and Electrical Items,ACTIVE,ELECTRONICS,,,unverified,no_full_text|demo_only_unverified_source|certification_status_unknown,False,demo_only
IS 9079,IS 9079,,"Electric Monoset Pumps For Clear,Cold Water For Agricultural And Water Supply Purposes",ACTIVE,Electrical & Electronics,,True,single_source_unconfirmed,no_scope_or_description|no_full_text,False,single_source
IS 9103,IS 9103:1999,1999,Concrete Admixtures - Specification,ACTIVE,Civil & Construction,Chemical Admixtures,True,verified_multi_source,no_full_text,False,multi_source
IS 9106,IS 9106:1979,1979,RISING BUTT HINGES,ACTIVE,,,,single_source_unconfirmed,certification_status_unknown,True,single_source
IS 9131,IS 9131:1979,1979,RIM LOCKS,ACTIVE,,,,single_source_unconfirmed,certification_status_unknown,True,single_source
IS 9137,IS 9137:2019,2019,"Acceptance Tests for Centrifugal, Mixed Flow and Axial Pumps - Class C",ACTIVE,Mechanical,,False,single_source_unconfirmed,no_full_text,False,single_source
IS 9142,IS 9142:1979,1979,ARTIFICIAL LIGHTWEIGHT AGGREGATES FOR,ACTIVE,,,,single_source_unconfirmed,certification_status_unknown,True,single_source
IS 9157,IS 9157,,Sodium Nitrate And Potassium Nitrate For Glass Compositions,ACTIVE,General Engineering & Consumer Goods,,,single_source_unconfirmed,no_scope_or_description|no_full_text|certification_status_unknown,False,single_source
IS 9165 (Part 2),IS 9165 (Part 2),,"Surgical Instruments - Needles, Suture Part 2 Eyed Needles-Sizes, Shapes And Dimensions",ACTIVE,Medical & Healthcare,,True,single_source_unconfirmed,no_scope_or_description|no_full_text,False,single_source
IS 9197,IS 9197:1979,1979,"EPOXY RESIN, HARDENERS AND EPOXY",ACTIVE,,,,single_source_unconfirmed,certification_status_unknown,True,single_source
IS 9271,IS 9271,,Unplasticized Polyvinyl Chloride(upvc)Single Wall Corrugated Pipes For Drainage -,ACTIVE,Steel & Metallurgy,,True,single_source_unconfirmed,no_scope_or_description|no_full_text,False,single_source
IS 9281 (Part 3),IS 9281 (Part 3),,Electronic Weighing Systems - Part 3 Requirements,ACTIVE,General Engineering & Consumer Goods,,,single_source_unconfirmed,no_scope_or_description|no_full_text|certification_status_unknown,False,single_source
IS 9283,IS 9283:2013,2013,Motors for Submersible Pumpsets - Specification,ACTIVE,Mechanical,,True,verified_multi_source,no_full_text,False,multi_source
IS 9295,IS 9295,,Steel Tubes For Idlers For Belt Conveyors,ACTIVE,Steel & Metallurgy,,True,single_source_unconfirmed,no_scope_or_description|no_full_text,False,single_source
IS 9338,IS 9338:1984,1984,CAST IRON SCREW-DOWN STOP VALVES AND,ACTIVE,,,,single_source_unconfirmed,certification_status_unknown,True,single_source
IS 9356,IS 9356,,Butachlor Emulsifiable Concentrates,ACTIVE,General Engineering & Consumer Goods,,,single_source_unconfirmed,no_scope_or_description|no_full_text|certification_status_unknown,False,single_source
IS 9360,IS 9360,,"Carbofuran Granules, Encapsulated",ACTIVE,General Engineering & Consumer Goods,,,single_source_unconfirmed,no_scope_or_description|no_full_text|certification_status_unknown,False,single_source
IS 9394,IS 9394:1979,1979,STONE LINTELS,ACTIVE,,,,single_source_unconfirmed,certification_status_unknown,True,single_source
IS 9428,IS 9428:1993,1993,PREFORMED CALCIUM SILICATE INSULATION,ACTIVE,,,,single_source_unconfirmed,certification_status_unknown,True,single_source
IS 9436,IS 9436,,Performance Requirements And Methods Of Tests For Wheels For Passenger Cars,ACTIVE,General Engineering & Consumer Goods,,,single_source_unconfirmed,no_scope_or_description|no_full_text|certification_status_unknown,False,single_source
IS 9438,IS 9438,,Performance Requirements And Methods Of Tests For Wheels/rims For Trucks,ACTIVE,General Engineering & Consumer Goods,,,single_source_unconfirmed,no_scope_or_description|no_full_text|certification_status_unknown,False,single_source
IS 9471 (Part 2),IS 9471 (Part 2),,"Modular Lower Limb Orthotic Components - Part 2: Stirrups, Split",ACTIVE,General Engineering & Consumer Goods,,,single_source_unconfirmed,no_scope_or_description|no_full_text|certification_status_unknown,False,single_source
IS 9471 (Part 3),IS 9471 (Part 3),,Modular Lower Limb Orthotic Components - Part 3: Stirrup Plates,ACTIVE,General Engineering & Consumer Goods,,,single_source_unconfirmed,no_scope_or_description|no_full_text|certification_status_unknown,False,single_source
IS 9471 (Part 4),IS 9471 (Part 4),,"Modular Lower Limb Orthotic Components - Part 4: Joint Unit, Ankle",ACTIVE,General Engineering & Consumer Goods,,,single_source_unconfirmed,no_scope_or_description|no_full_text|certification_status_unknown,False,single_source
IS 9471 (Part 6),IS 9471 (Part 6),,"Modular Lower Limb Orthotic Components - Part 6 : Orthotic Hip Joint (joint Unit, Hip Drop Lock)",ACTIVE,General Engineering & Consumer Goods,,,single_source_unconfirmed,no_scope_or_description|no_full_text|certification_status_unknown,False,single_source
IS 9471 (Part 7),IS 9471 (Part 7),,"Modular Lower Limb Orthotic Components - Part7:Orthotic Joint Bars, Ankle And Knee (upper And Lower)",ACTIVE,General Engineering & Consumer Goods,,,single_source_unconfirmed,no_scope_or_description|no_full_text|certification_status_unknown,False,single_source
IS 9473,IS 9473,,Respiratory Protective Devices - Filtering Half Masks To Protect Against Particles,ACTIVE,Medical & Healthcare,,True,single_source_unconfirmed,no_scope_or_description|no_full_text,False,single_source
IS 9510,IS 9510:1980,1980,"BITUMEN MASTIC, ACID – RESISTING GRADE",ACTIVE,,,,single_source_unconfirmed,certification_status_unknown,True,single_source
IS 9516,IS 9516,,Specification for heat resisting steels,ACTIVE,Steel & Metallurgy,,True,single_source_unconfirmed,no_scope_or_description|no_full_text,False,single_source
IS 9523,IS 9523:2000,2000,"Ductile Iron Fittings For Pressure Pipes For Water, Gas And Sewage",ACTIVE,Steel & Metallurgy,,True,verified_multi_source,,True,multi_source
IS 9532,IS 9532,,Chakka And Shrikhand,ACTIVE,General Engineering & Consumer Goods,,,single_source_unconfirmed,no_scope_or_description|no_full_text|certification_status_unknown,False,single_source
IS 9537 (Part 1),IS 9537 (Part 1):1980,1980,CONDUITS FOR ELECTRICAL,ACTIVE,,,,single_source_unconfirmed,certification_status_unknown,True,single_source
IS 9537 (Part 2),IS 9537 (Part 2):1981,1981,Conduits for Electrical Installations - Rigid Steel Conduits,ACTIVE,Electrical,,True,verified_multi_source,no_full_text,False,multi_source
IS 9537 (Part 3),IS 9537 (Part 3):1983,1983,Conduits for Electrical Installations - Rigid Non-Metallic Conduits (PVC Conduits),ACTIVE,Electrical,,True,verified_multi_source,,True,multi_source
IS 9537 (Part 4),IS 9537 (Part 4):1983,1983,Conduits For Electrical Installations-Part4:Pliable Self-recovering Conduits Of Insulating Materials,ACTIVE,Electrical & Electronics,,True,verified_multi_source,,True,multi_source
IS 9537 (Part 5),IS 9537 (Part 5):2000,2000,CONDUITS FOR ELECTRICAL,ACTIVE,,,,single_source_unconfirmed,certification_status_unknown,True,single_source
IS 9537 (Part II),IS 9537 (Part II):1981,1981,CONDUITS FOR ELECTRICAL WIRING,ACTIVE,,,,single_source_unconfirmed,certification_status_unknown,True,single_source
IS 9542,IS 9542:2005,2005,Pipes and Fittings — Marking,ACTIVE,CONSTRUCTION,,,unverified,no_full_text|demo_only_unverified_source|certification_status_unknown,False,demo_only
IS 9550,IS 9550,,Bright Steel Bars,ACTIVE,Steel & Metallurgy,,True,single_source_unconfirmed,no_scope_or_description|no_full_text,False,single_source
IS 9573 (Part 2),IS 9573 (Part 2),,Rubber Hose For Liquefied Petroleum Gas(LPG)-Specification Part2 Domestic And Commercial Application,ACTIVE,"Plastics, Chemicals & Rubber",,,single_source_unconfirmed,no_scope_or_description|no_full_text|certification_status_unknown,False,single_source
IS 9585,IS 9585,,Lactometers,ACTIVE,Electrical & Electronics,,True,single_source_unconfirmed,no_scope_or_description|no_full_text,False,single_source
IS 9601,IS 9601,,Submersible Motors Technical Delivery Conditions,ACTIVE,Testing & Normative Reference,,,single_source_unconfirmed,no_full_text|certification_status_unknown,False,single_source
IS 9627,IS 9627:1980,1980,ASBESTOS CEMENT PRESSURE PIPES,ACTIVE,,,,single_source_unconfirmed,certification_status_unknown,True,single_source
IS 9665,IS 9665,,Propoxur Emulsifiable Concentrates,ACTIVE,General Engineering & Consumer Goods,,,single_source_unconfirmed,no_scope_or_description|no_full_text|certification_status_unknown,False,single_source
IS 9738,IS 9738,,Polyethylene Bags For General Purposes,ACTIVE,"Plastics, Chemicals & Rubber",,,single_source_unconfirmed,no_scope_or_description|no_full_text|certification_status_unknown,False,single_source
IS 9739,IS 9739:1981,1981,PRESSURE REDUCING VALVES FOR DOMESTIC,ACTIVE,,,,single_source_unconfirmed,certification_status_unknown,True,single_source
IS 9742,IS 9742:1993,1993,SPRAYED MINERAL WOOL THERMAL INSULATION,ACTIVE,,,,single_source_unconfirmed,certification_status_unknown,True,single_source
IS 9743,IS 9743:1990,1990,THERMAL INSULATION FINISHING CEMENTS,ACTIVE,,,,single_source_unconfirmed,certification_status_unknown,True,single_source
IS 9755,IS 9755,,Textiles - High Density Polyethylene (hdpe) / Polypropylene (pp) Woven Sacks For Packing Fertilizers,ACTIVE,Civil & Construction Materials,,True,single_source_unconfirmed,no_scope_or_description|no_full_text,False,single_source
IS 9758,IS 9758:1981,1981,Flush Valves And Fittings For Water Closets And Urinals,ACTIVE,Pumps & Mechanical Equipment,,,verified_multi_source,certification_status_unknown,True,multi_source
IS 9762,IS 9762:1994,1994,Polyethylene Floats (spherical) For Float Valves,ACTIVE,"Plastics, Chemicals & Rubber",,,verified_multi_source,certification_status_unknown,True,multi_source
IS 9763,IS 9763:2000,2000,"Plastics Bib Taps,Pillar Taps,Angle Valves And Stop Valves For Hot And Cold Water Services -",ACTIVE,"Plastics, Chemicals & Rubber",,,verified_multi_source,certification_status_unknown,True,multi_source
IS 9825,IS 9825,,Chlorine Tablets,ACTIVE,"Plastics, Chemicals & Rubber",,,single_source_unconfirmed,no_scope_or_description|no_full_text|certification_status_unknown,False,single_source
IS 9842,IS 9842:1994,1994,PREFORMED FIBROUS PIPE INSULATION,ACTIVE,,,,single_source_unconfirmed,certification_status_unknown,True,single_source
IS 9857,IS 9857,,Welding Cables,ACTIVE,Electrical & Electronics,,True,single_source_unconfirmed,no_scope_or_description|no_full_text,False,single_source
IS 9873 (Part 1),IS 9873 (Part 1):2019,2019,Safety Of Toys,ACTIVE,Toys & Children Products,Toy Safety,True,single_source_unconfirmed,no_full_text,False,single_source
IS 9873 (Part 2),IS 9873 (Part 2):2017,2017,Toys - Flammability,ACTIVE,Toys & Children Products,Toy Safety,True,single_source_unconfirmed,no_full_text,False,single_source
IS 9873 (Part 3),IS 9873 (Part 3):2020,2020,Toys - Migration of Certain Elements,ACTIVE,Toys & Children Products,Chemical Safety,True,single_source_unconfirmed,no_full_text,False,single_source
IS 9890,IS 9890,,General Purpose Ball Valves,ACTIVE,Pumps & Mechanical Equipment,,,single_source_unconfirmed,no_scope_or_description|no_full_text|certification_status_unknown,False,single_source
IS 9893,IS 9893:1981,1981,PRECAST CONCRETE BLOCKS FOR,ACTIVE,,,,single_source_unconfirmed,certification_status_unknown,True,single_source
IS 9912,IS 9912:1981,1981,COAL TAR BASED COATING MATERIALS AND,ACTIVE,,,,single_source_unconfirmed,certification_status_unknown,True,single_source
IS 9921 (Part 1 to 5),IS 9921 (Part 1 to 5):1985,1985,Alternating Current Disconnectors (Isolators) and Earthing Switches for Voltages above 1000 V,ACTIVE,Electrical,,True,single_source_unconfirmed,no_full_text,False,single_source
IS 9968 (Part 1),IS 9968 (Part 1):1988,1988,Elastomer Insulated Cables - For Working Voltages up to and including 1100 V,ACTIVE,Electrical,,True,needs_review,full_text_edition_older_than_current_edition|source_conflict_present,True,multi_source
IS 9968 (Part 2),IS 9968 (Part 2),,Elastomer-insulated Cables-Part2:For Working Voltages From3.3 Kv Up To And Including 3 3kv,ACTIVE,Electrical & Electronics,,True,single_source_unconfirmed,no_scope_or_description|no_full_text,False,single_source
IS 9973,IS 9973,,Specification For Visor For Scooter Helmets,ACTIVE,General Engineering & Consumer Goods,,,single_source_unconfirmed,no_scope_or_description|no_full_text|certification_status_unknown,False,single_source
IS 9974 (Part 1),IS 9974 (Part 1),,High Pressure Sodium Vapour Lamps :part 1 General Requirements And Tests,ACTIVE,General Engineering & Consumer Goods,,,single_source_unconfirmed,no_scope_or_description|no_full_text|certification_status_unknown,False,single_source
IS 9997,IS 9997,,Aluminium alloy redraw rods for electrical purposes,ACTIVE,Steel & Metallurgy,,True,single_source_unconfirmed,no_scope_or_description|no_full_text,False,single_source
IS 10019,IS 10019:1981,1981,MILD STEEL  STAYS  AND FASTENERS,ACTIVE,,,,single_source_unconfirmed,certification_status_unknown,True,single_source
IS 10079,IS 10079,,Specification For Cylindrical Metal Measures For Use In Tests Of Aggregates And Concrete,ACTIVE,Civil & Construction Materials,,True,single_source_unconfirmed,no_scope_or_description|no_full_text,False,single_source
IS 10080,IS 10080,,Specification For Vibration Machine For Standard Cement Mortar Cubes,ACTIVE,Civil & Construction Materials,,True,single_source_unconfirmed,no_scope_or_description|no_full_text,False,single_source
IS 10086,IS 10086,,Specification For Moulds For Use In Tests Of Cement And Concrete,ACTIVE,Civil & Construction Materials,,True,single_source_unconfirmed,no_scope_or_description|no_full_text,False,single_source
IS 10090,IS 10090:1982,1982,NUMERICALS,ACTIVE,,,,single_source_unconfirmed,certification_status_unknown,True,single_source
IS 10116,IS 10116:2015,2015,Polyvinyl Chloride (PVC) Resins - Specification,ACTIVE,Chemicals,,True,needs_review,no_full_text|source_conflict_present,False,multi_source
IS 10124 (Part 1),IS 10124 (Part 1),,Fabricated Pvc-u Fittings For Potable Water Supplies-Specification Part 1 General Requirements,ACTIVE,"Plastics, Chemicals & Rubber",,,single_source_unconfirmed,no_scope_or_description|no_full_text|certification_status_unknown,False,single_source
IS 10124 (Part 10),IS 10124 (Part 10):1988,1988,FABRICATED PVC FITTING,ACTIVE,,,,single_source_unconfirmed,certification_status_unknown,True,single_source
IS 10124 (Part 11),IS 10124 (Part 11):1988,1988,FABRICATED PVC FITTING,ACTIVE,,,,single_source_unconfirmed,certification_status_unknown,True,single_source
IS 10124 (Part 12),IS 10124 (Part 12):1988,1988,FABRICATED PVC FITTING,ACTIVE,,,,single_source_unconfirmed,certification_status_unknown,True,single_source
IS 10124 (Part 13),IS 10124 (Part 13):1988,1988,FABRICATED PVC FITTING,ACTIVE,,,,single_source_unconfirmed,certification_status_unknown,True,single_source
IS 10124 (Part 2),IS 10124 (Part 2):1988,1988,Fabricated Pvc-u Fittings For Potable Water Supplies-Specification Part 2 Specific Requirements For Sockets,ACTIVE,Electrical & Electronics,,True,verified_multi_source,,True,multi_source
IS 10124 (Part 3),IS 10124 (Part 3):1988,1988,FABRICATED PVC FITTINGS FOR,ACTIVE,,,,single_source_unconfirmed,certification_status_unknown,True,single_source
IS 10124 (Part 4),IS 10124 (Part 4):1988,1988,FABRICATED PVC FITTINGS FOR,ACTIVE,,,,single_source_unconfirmed,certification_status_unknown,True,single_source
IS 10124 (Part 5),IS 10124 (Part 5):1988,1988,FABRICATED PVC FITTINGS  FOR,ACTIVE,,,,single_source_unconfirmed,certification_status_unknown,True,single_source
IS 10124 (Part 6),IS 10124 (Part 6):1988,1988,FABRICATED  PVC FITTINGS FOR,ACTIVE,,,,single_source_unconfirmed,certification_status_unknown,True,single_source
IS 10124 (Part 7),IS 10124 (Part 7):1988,1988,FABRICATED  PVC FITTINGS,ACTIVE,,,,single_source_unconfirmed,certification_status_unknown,True,single_source
IS 10124 (Part 8),IS 10124 (Part 8):1988,1988,FABRICATED PVC FITTING,ACTIVE,,,,single_source_unconfirmed,certification_status_unknown,True,single_source
IS 10124 (Part 9),IS 10124 (Part 9):1988,1988,FABRICATED PVC FITTING,ACTIVE,,,,single_source_unconfirmed,certification_status_unknown,True,single_source
IS 10212 (Part 1),IS 10212 (Part 1),,General Requirements For Packages Of Explosives:Part1Commercial High Explosives,ACTIVE,General Engineering & Consumer Goods,,,single_source_unconfirmed,no_scope_or_description|no_full_text|certification_status_unknown,False,single_source
IS 10228,IS 10228,,School Bag,ACTIVE,General Engineering & Consumer Goods,,,single_source_unconfirmed,no_scope_or_description|no_full_text|certification_status_unknown,False,single_source
IS 10238,IS 10238:2001,2001,FASTENERS – THREADED STEEL,ACTIVE,,,,single_source_unconfirmed,certification_status_unknown,True,single_source
IS 10243,IS 10243,,"2, 4-d Ethyl Ester Ec",ACTIVE,General Engineering & Consumer Goods,,,single_source_unconfirmed,no_scope_or_description|no_full_text|certification_status_unknown,False,single_source
IS 10245,IS 10245:1982,1982,Disposable Hypodermic Syringes,ACTIVE,Medical & Healthcare,Medical Devices,,single_source_unconfirmed,no_full_text|certification_status_unknown,False,single_source
IS 10257,IS 10257:1982,1982,Hypodermic Needles for Reusable Use,ACTIVE,Medical Devices,,True,single_source_unconfirmed,no_full_text,False,single_source
IS 10258,IS 10258:2002,2002,Sterile Hypodermic Syringes for Single Use - Specification,ACTIVE,Medical Devices,,True,verified_multi_source,no_full_text,False,multi_source
IS 10292,IS 10292:1988,1988,DIMENSIONAL REQUIREMENTS FOR RUBBER,ACTIVE,,,,single_source_unconfirmed,certification_status_unknown,True,single_source
IS 10299,IS 10299:1982,1982,CAST IRON SADDLE PIECES FOR SERVICE,ACTIVE,,,,single_source_unconfirmed,certification_status_unknown,True,single_source
IS 10322 (Part 5/Sec 1),IS 10322 (Part 5/Sec 1):2012,2012,"Luminaires - Particular Requirements - Fixed General Purpose Luminaires (LED Street Lighting, Flood Lighting)",ACTIVE,Electrical,Lighting,True,verified_multi_source,no_full_text,False,multi_source
IS 10322 (Part 5/Sec 3),IS 10322 (Part 5/Sec 3):2012,2012,Luminaires — Part 5: Particular Requirements — Section 3: Luminaires for Road and Street Lighting,ACTIVE,ELECTRICAL,,True,verified_multi_source,no_full_text|amendment_or_verification_data_self_asserted_not_network_verified,False,multi_source
IS 10322 (Part 5/Sec 7),IS 10322 (Part 5/Sec 7):2013,2013,Luminaires — Specification,ACTIVE,ELECTRICAL,,,unverified,no_full_text|demo_only_unverified_source|certification_status_unknown,False,demo_only
IS 10325,IS 10325,,"Square Tins-15Kg/litre For Ghee,Vanaspati,Edible Oils And Bakery Shortenings",ACTIVE,General Engineering & Consumer Goods,,,single_source_unconfirmed,no_scope_or_description|no_full_text|certification_status_unknown,False,single_source
IS 10342,IS 10342:1982,1982,CURTAIN  RAIL SYSTEM,ACTIVE,,,,single_source_unconfirmed,certification_status_unknown,True,single_source
IS 10350,IS 10350,,Powder Hair Dyes,ACTIVE,Food & Agriculture,,,single_source_unconfirmed,no_scope_or_description|no_full_text|certification_status_unknown,False,single_source
IS 10360,IS 10360:1982,1982,LIME-POZZOLANA CONCRETE,ACTIVE,,,,single_source_unconfirmed,certification_status_unknown,True,single_source
IS 10388,IS 10388:1982,1982,"CORRUGATED COIR, WOODWOOL,",ACTIVE,,,,single_source_unconfirmed,certification_status_unknown,True,single_source
IS 10394,IS 10394:1982,1982,WOODEN SLEEPERS FOR  RAILWAY TRACK,ACTIVE,,,,single_source_unconfirmed,certification_status_unknown,True,single_source
IS 10451,IS 10451:1983,1983,STEEL SLIDING SHUTTERS,ACTIVE,,,,single_source_unconfirmed,certification_status_unknown,True,single_source
IS 10500,IS 10500:2012,2012,Drinking Water — Specification,ACTIVE,Water & Environment,,False,single_source_unconfirmed,no_full_text,False,single_source
IS 10508,IS 10508,,"Phosphoric Acid, Food Grade",ACTIVE,Food & Agriculture,,,single_source_unconfirmed,no_scope_or_description|no_full_text|certification_status_unknown,False,single_source
IS 10521,IS 10521:1983,1983,COLLAPSIBLE GATES,ACTIVE,,,,single_source_unconfirmed,certification_status_unknown,True,single_source
IS 10577,IS 10577,,Lancing Pipes,ACTIVE,Steel & Metallurgy,,True,single_source_unconfirmed,no_scope_or_description|no_full_text,False,single_source
IS 10617,IS 10617,,Hermetic Compressors,ACTIVE,Pumps & Mechanical Equipment,,,single_source_unconfirmed,no_scope_or_description|no_full_text|certification_status_unknown,False,single_source
IS 10654,IS 10654:2020,2020,Sterile Hypodermic Needles for Single Use - Specification,ACTIVE,Medical Devices,,True,single_source_unconfirmed,no_full_text,False,single_source
IS 10701,IS 10701:1983,1983,Specification For Structural Plywood - Specification,ACTIVE,Civil & Construction Materials,,True,verified_multi_source,,True,multi_source
IS 10702,IS 10702:2023,2023,Rubber Hawai Chappal,ACTIVE,"Leather, Footwear & PPE",Footwear,True,single_source_unconfirmed,no_full_text,False,single_source
IS 10748,IS 10748,,Hot-rolled Steel Strip For Welded Tubes And Pipes,ACTIVE,Steel & Metallurgy,,True,single_source_unconfirmed,no_scope_or_description|no_full_text,False,single_source
IS 10758,IS 10758,,De-odorising-cum-disinfectant Fluids,ACTIVE,General Engineering & Consumer Goods,,,single_source_unconfirmed,no_scope_or_description|no_full_text|certification_status_unknown,False,single_source
IS 10772,IS 10772:1983,1983,QUICK SETTING LIME POZZOLANA MIXTURE,ACTIVE,,,,single_source_unconfirmed,certification_status_unknown,True,single_source
IS 10805,IS 10805,,"Foot Valves,Reflux Valves Or Non-return Valves And Bore Valves To Be Used In Suction Lines Of Agricultural Pumping Systems",ACTIVE,Pumps & Mechanical Equipment,,,single_source_unconfirmed,no_scope_or_description|no_full_text|certification_status_unknown,False,single_source
IS 10810,IS 10810,,Methods of Test for Cables,ACTIVE,Testing & Normative Reference,,,single_source_unconfirmed,no_full_text|certification_status_unknown,False,single_source
IS 10810 (Part 1 to 65),IS 10810 (Part 1 to 65):1984,1984,Methods of Test for Cables,ACTIVE,Electrical,,True,single_source_unconfirmed,no_full_text,False,single_source
IS 10889,IS 10889:1984,1984,High Density Polyethylene Films,ACTIVE,"Plastics, Chemicals & Rubber",,,verified_multi_source,certification_status_unknown,True,multi_source
IS 10908,IS 10908,,Flexible Rubber Tubing For Liquefied Petroleum Gas,ACTIVE,"Plastics, Chemicals & Rubber",,,single_source_unconfirmed,no_scope_or_description|no_full_text|certification_status_unknown,False,single_source
IS 11010,IS 11010,,Ziram Colloidal Suspension,ACTIVE,General Engineering & Consumer Goods,,,single_source_unconfirmed,no_scope_or_description|no_full_text|certification_status_unknown,False,single_source
IS 11037,IS 11037,,Electronic Type Fan Regulators,ACTIVE,General Engineering & Consumer Goods,,,single_source_unconfirmed,no_scope_or_description|no_full_text|certification_status_unknown,False,single_source
IS 11087,IS 11087,,Paper For Magnetic Ink Character Recognition Cheque Printing,ACTIVE,General Engineering & Consumer Goods,,,single_source_unconfirmed,no_scope_or_description|no_full_text|certification_status_unknown,False,single_source
IS 11128,IS 11128:1984,1984,SPRAY – APPLIED HYDRATED CALCIUM SILICATE,ACTIVE,,,,single_source_unconfirmed,certification_status_unknown,True,single_source
IS 11170,IS 11170,,Performance Requirements For Constant Speed Compression Ignition (diesel) Engines For Agricultural Purposes (up To 20 Kw),ACTIVE,Pumps & Mechanical Equipment,,,single_source_unconfirmed,no_scope_or_description|no_full_text|certification_status_unknown,False,single_source
IS 11188 (Part 1),IS 11188 (Part 1),,Vault (strong Room) Doors Part 1 Specification,ACTIVE,General Engineering & Consumer Goods,,,single_source_unconfirmed,no_scope_or_description|no_full_text|certification_status_unknown,False,single_source
IS 11226,IS 11226:1993,1993,Leather Safety Footwear — Specification,ACTIVE,Safety & PPE,,False,verified_multi_source,no_full_text,False,multi_source
IS 11246,IS 11246:1992,1992,GLASS FIBRE REINFORCED POLYESTER,ACTIVE,,,,single_source_unconfirmed,certification_status_unknown,True,single_source
IS 11307,IS 11307:1985,1985,CELLULAR GLASS BLOCK AND PIPE THERMAL,ACTIVE,,,,single_source_unconfirmed,certification_status_unknown,True,single_source
IS 11308,IS 11308:1985,1985,HYDRAULIC SETTING THERMAL INSULATING,ACTIVE,,,,single_source_unconfirmed,certification_status_unknown,True,single_source
IS 11313,IS 11313,,Hydraulic Power Sprayers,ACTIVE,General Engineering & Consumer Goods,,,single_source_unconfirmed,no_scope_or_description|no_full_text|certification_status_unknown,False,single_source
IS 11433 (Part 1),IS 11433 (Part 1):1985,1985,ONE-PART GUN-GRADE POLYSULPHIDE-,ACTIVE,,,,single_source_unconfirmed,certification_status_unknown,True,single_source
IS 11501,IS 11501,,"Engine Monoset Pumps For Clear,Cold,Fresh Water For Agricultural Purposes",ACTIVE,Pumps & Mechanical Equipment,,,single_source_unconfirmed,no_scope_or_description|no_full_text|certification_status_unknown,False,single_source
IS 11513,IS 11513,,Hot-rolled Carbon Steel Strip For Cold Rolling Purposes Specification,ACTIVE,Steel & Metallurgy,,True,single_source_unconfirmed,no_scope_or_description|no_full_text,False,single_source
IS 11536,IS 11536:2007,2007,Processed Cereal Based Complementary Foods for Infants,ACTIVE,Food & Agriculture,,True,verified_multi_source,no_full_text,False,multi_source
IS 11569,IS 11569,,Cervical Collar,ACTIVE,General Engineering & Consumer Goods,,,single_source_unconfirmed,no_scope_or_description|no_full_text|certification_status_unknown,False,single_source
IS 11587,IS 11587:1986,1986,STRUCTURAL WEATHER RESISTANCE STEELS,ACTIVE,,,,single_source_unconfirmed,certification_status_unknown,True,single_source
IS 11646 (Part 2),IS 11646 (Part 2),,Cane For Visually Handicapped Part 2 Folding Type,ACTIVE,General Engineering & Consumer Goods,,,single_source_unconfirmed,no_scope_or_description|no_full_text|certification_status_unknown,False,single_source
IS 11652,IS 11652:2017,2017,High Density Polyethylene (HDPE) Woven Sacks for Packing of 50 kg Cement,ACTIVE,Civil & Construction,Woven Sacks,True,needs_review,no_full_text|source_conflict_present,False,multi_source
IS 11673,IS 11673:1992,1992,Poly Aluminium Chloride (PAC) for Water Treatment,ACTIVE,Chemicals,,True,single_source_unconfirmed,no_full_text,False,single_source
IS 11673 (Part 1),IS 11673 (Part 1),,Sodium Hypochlorite Solution Specification: Part 1 Household And Industrial Use,ACTIVE,General Engineering & Consumer Goods,,,single_source_unconfirmed,no_scope_or_description|no_full_text|certification_status_unknown,False,single_source
IS 11673 (Part 2),IS 11673 (Part 2),,Sodium Hypochlorite Solution Part 2 Water Treatment Use,ACTIVE,General Engineering & Consumer Goods,,,single_source_unconfirmed,no_scope_or_description|no_full_text|certification_status_unknown,False,single_source
IS 11722,IS 11722,,Thin Walled Flexible Quick Coupling Pipes,ACTIVE,Steel & Metallurgy,,True,single_source_unconfirmed,no_scope_or_description|no_full_text,False,single_source
IS 11785,IS 11785,,Captan (wettable Powder) Wp,ACTIVE,Food & Agriculture,,,single_source_unconfirmed,no_scope_or_description|no_full_text|certification_status_unknown,False,single_source
IS 11925,IS 11925:1986,1986,PITCH IMPREGNATED FIBRE PIPES AND FITTINGS,ACTIVE,,,,single_source_unconfirmed,certification_status_unknown,True,single_source
IS 11997,IS 11997,,Fenvalerate Ec,ACTIVE,General Engineering & Consumer Goods,,,single_source_unconfirmed,no_scope_or_description|no_full_text|certification_status_unknown,False,single_source
IS 12016,IS 12016,,Cypermethrin Ec,ACTIVE,General Engineering & Consumer Goods,,,single_source_unconfirmed,no_scope_or_description|no_full_text|certification_status_unknown,False,single_source
IS 12027,IS 12027:1987,1987,SILICONE-BASED WATER REPELLENTS,ACTIVE,,,,single_source_unconfirmed,certification_status_unknown,True,single_source
IS 12049,IS 12049:1987,1987,DIMENSIONS AND TOLERANCES RELATING,ACTIVE,,,,single_source_unconfirmed,certification_status_unknown,True,single_source
IS 12109,IS 12109,,General Requirements For Light Duty Sewing Machine Heads For Industrial Use,ACTIVE,Pumps & Mechanical Equipment,,,single_source_unconfirmed,no_scope_or_description|no_full_text|certification_status_unknown,False,single_source
IS 12118 (Part 1),IS 12118 (Part 1):1987,1987,TWO-PARTS POLYSULPHIDE BASED,ACTIVE,,,,single_source_unconfirmed,certification_status_unknown,True,single_source
IS 12225,IS 12225,,Centrifugal Jet Pump,ACTIVE,Pumps & Mechanical Equipment,,,single_source_unconfirmed,no_scope_or_description|no_full_text|certification_status_unknown,False,single_source
IS 12232 (Part 1),IS 12232 (Part 1),,Irrigation Equipment - Rotating Sprinkler: Part 1 Design And Operational Requirements,ACTIVE,Pumps & Mechanical Equipment,,,single_source_unconfirmed,no_scope_or_description|no_full_text|certification_status_unknown,False,single_source
IS 12234,IS 12234:1988,1988,Plastic Equilibrium Float Valve For Cold Water Services,ACTIVE,"Plastics, Chemicals & Rubber",,,verified_multi_source,certification_status_unknown,True,multi_source
IS 12252,IS 12252,,Polyalkylene Pipe Specifications,ACTIVE,Testing & Normative Reference,,,single_source_unconfirmed,no_full_text|certification_status_unknown,False,single_source
IS 12254,IS 12254,,Polyvinyl Chloride (pvc) Industrial Boots,ACTIVE,"Plastics, Chemicals & Rubber",,,single_source_unconfirmed,no_scope_or_description|no_full_text|certification_status_unknown,False,single_source
IS 12269,IS 12269:2013,2013,"Ordinary Portland Cement, 53 Grade — Specification",ACTIVE,Construction Materials - Cement,,True,needs_review,full_text_edition_older_than_current_edition|source_conflict_present,True,multi_source
IS 12299,IS 12299,,Dairy Whitener,ACTIVE,Food & Agriculture,,,single_source_unconfirmed,no_scope_or_description|no_full_text|certification_status_unknown,False,single_source
IS 12313,IS 12313:1988,1988,HOT–DIP TERNE COATED CARBON STEEL,ACTIVE,,,,single_source_unconfirmed,certification_status_unknown,True,single_source
IS 12330,IS 12330:1988,1988,Sulphate Resisting Portland Cement - Specification,ACTIVE,Civil & Construction,,True,verified_multi_source,,True,multi_source
IS 12337,IS 12337,,Manually Operated Fertilizer Broadcaster,ACTIVE,General Engineering & Consumer Goods,,,single_source_unconfirmed,no_scope_or_description|no_full_text|certification_status_unknown,False,single_source
IS 12406,IS 12406:2003,2003,Medium Density Fibre Boards For General Purpose -specification,ACTIVE,Civil & Construction Materials,,True,verified_multi_source,,True,multi_source
IS 12427,IS 12427:2001,2001,Fasteners - Threaded Steel Fasteners - Hexagon Head Transmission Tower Bolts,ACTIVE,Steel & Metallurgy,,True,verified_multi_source,,True,multi_source
IS 12436,IS 12436:1988,1988,PREFORMED RIGID POLYURETHANE (PUR) AND,ACTIVE,,,,single_source_unconfirmed,certification_status_unknown,True,single_source
IS 12440,IS 12440:1988,1988,PRECAST CONCRETE STONE MASONRY BLOCKS,ACTIVE,,,,single_source_unconfirmed,certification_status_unknown,True,single_source
IS 12583,IS 12583:1988,1988,CORRUGATED BITMEN ROOFING SHEETS,ACTIVE,,,,single_source_unconfirmed,certification_status_unknown,True,single_source
IS 12585,IS 12585,,Thermoplastic Hoses (textile Reinforced) For Water - General Purpose,ACTIVE,Civil & Construction Materials,,True,single_source_unconfirmed,no_scope_or_description|no_full_text,False,single_source
IS 12592,IS 12592:2002,2002,Precast Concrete Manhole Cover And Frame -,ACTIVE,Civil & Construction Materials,,True,verified_multi_source,,True,multi_source
IS 12615,IS 12615:2018,2018,Line Operated Three Phase AC Motors (IE Code) 'Efficiency Classes and Performance Specification',ACTIVE,Electrical,Electric Motors,True,verified_multi_source,no_full_text,False,multi_source
IS 12640 (Part 1),IS 12640 (Part 1):2016,2016,Residual Current Operated Circuit-Breakers without Integral Overcurrent Protection (RCCB),ACTIVE,Electrical,Switchgear & Protection,True,verified_multi_source,no_full_text,False,multi_source
IS 12640 (Part 2),IS 12640 (Part 2),,Residual Current Operated Circuit - Breaking For Household And Similar Uses - Part 2 Circuit - Breakers With Integral Overcurrent Protection (rcvos),ACTIVE,General Engineering & Consumer Goods,,,single_source_unconfirmed,no_scope_or_description|no_full_text|certification_status_unknown,False,single_source
IS 12650,IS 12650:2018,2018,Textiles - Jute Bags For Packing 50 Kg Foodgrains,ACTIVE,Packaging & Containers,Natural Fibre Sacks,True,single_source_unconfirmed,no_full_text,False,single_source
IS 12655,IS 12655:2003,2003,Infusion Sets for Single Use - Gravity Feed,ACTIVE,Medical Devices,,True,single_source_unconfirmed,no_full_text,False,single_source
IS 12656,IS 12656:2003,2003,Blood Transfusion Sets for Single Use,ACTIVE,Medical Devices,,True,single_source_unconfirmed,no_full_text,False,single_source
IS 12664 (Part 1),IS 12664 (Part 1),,Artificial Limbs-Sach Foot For Lower Extremity Prostheses-Part1: Design And Dimensions,ACTIVE,General Engineering & Consumer Goods,,,single_source_unconfirmed,no_scope_or_description|no_full_text|certification_status_unknown,False,single_source
IS 12701,IS 12701:1996,1996,Rotomoulded Polyethylene Water Storage Tanks — Specification,ACTIVE,"Plastics, Chemicals & Rubber",,True,verified_multi_source,amendment_or_verification_data_self_asserted_not_network_verified,True,multi_source
IS 12709,IS 12709:1994,1994,GLASS FIBRE REINFORCED PLASTICS (GRP),ACTIVE,,,,single_source_unconfirmed,certification_status_unknown,True,single_source
IS 12744,IS 12744,,"Ready Mixed Paint,Air Drying,Red Oxide-Zinc Phosphate,Priming - Specification",ACTIVE,General Engineering & Consumer Goods,,,single_source_unconfirmed,no_scope_or_description|no_full_text|certification_status_unknown,False,single_source
IS 12751,IS 12751,,Pesticides - Pendimethalin Ec,ACTIVE,General Engineering & Consumer Goods,,,single_source_unconfirmed,no_scope_or_description|no_full_text|certification_status_unknown,False,single_source
IS 12766,IS 12766,,"Paper, Computer",ACTIVE,General Engineering & Consumer Goods,,,single_source_unconfirmed,no_scope_or_description|no_full_text|certification_status_unknown,False,single_source
IS 12776,IS 12776,,Galvanized Strand For Earthing,ACTIVE,General Engineering & Consumer Goods,,,single_source_unconfirmed,no_scope_or_description|no_full_text|certification_status_unknown,False,single_source
IS 12778,IS 12778:2004,2004,HOT ROLLED PARALLEL FLANGE STEEL SECTION,ACTIVE,,,,single_source_unconfirmed,certification_status_unknown,True,single_source
IS 12785,IS 12785,,Irrigation Equipment - Strainer-type Filters,ACTIVE,Pumps & Mechanical Equipment,,,single_source_unconfirmed,no_scope_or_description|no_full_text|certification_status_unknown,False,single_source
IS 12786,IS 12786,,Irrigation Equipment - Polyethylene Pipes For Irrigation Laterals,ACTIVE,Steel & Metallurgy,,True,single_source_unconfirmed,no_scope_or_description|no_full_text,False,single_source
IS 12802,IS 12802:2020,2020,Methods of test for three-phase induction motors,ACTIVE,Electrical,,True,single_source_unconfirmed,no_full_text,False,single_source
IS 12817,IS 12817:1997,1997,Stainless Steel Butt Hinges,ACTIVE,Steel & Metallurgy,,True,verified_multi_source,,True,multi_source
IS 12818,IS 12818:1992,1992,Unplasticized Polyvinyl Chloride(pvc-u)screen And Casing Pipes For Bore/tubewell,ACTIVE,Steel & Metallurgy,,True,verified_multi_source,,True,multi_source
IS 12820,IS 12820:2004,2004,DIMENSIONAL REQUIREMENTS OF RUBBER,ACTIVE,,,,single_source_unconfirmed,certification_status_unknown,True,single_source
IS 12823,IS 12823:1990,1990,Wood Products - Prelaminated Particle Boards -specification,ACTIVE,Civil & Construction Materials,,True,verified_multi_source,,True,multi_source
IS 12824,IS 12824:2019,2019,Three Phase Induction Motors for Inverter Duty / Variable Frequency Drives (VFD),ACTIVE,Electrical,,True,single_source_unconfirmed,no_full_text,False,single_source
IS 12830,IS 12830:1989,1989,RUBBER BASED ADHESIVE FOR FIXING PVC,ACTIVE,,,,single_source_unconfirmed,certification_status_unknown,True,single_source
IS 12866,IS 12866:1989,1989,PLASTIC TRANSLUCENT SHEET MADE,ACTIVE,,,,single_source_unconfirmed,certification_status_unknown,True,single_source
IS 12867,IS 12867:1989,1989,PVC HAND RAIL COVERS,ACTIVE,,,,single_source_unconfirmed,certification_status_unknown,True,single_source
IS 12894,IS 12894:2002,2002,Pulverized Fuel Ash-Lime Bricks - Specification,ACTIVE,Civil & Construction,,,needs_review,source_conflict_present|certification_status_disputed_across_sources|certification_status_unknown,True,multi_source
IS 12896,IS 12896:1990,1990,INDIAN TIMBERS FOR DOOR AND,ACTIVE,,,,single_source_unconfirmed,certification_status_unknown,True,single_source
IS 12912,IS 12912,,Bromadiolone Rb,ACTIVE,General Engineering & Consumer Goods,,,single_source_unconfirmed,no_scope_or_description|no_full_text|certification_status_unknown,False,single_source
IS 12913,IS 12913,,Bromadiolone Cb,ACTIVE,General Engineering & Consumer Goods,,,single_source_unconfirmed,no_scope_or_description|no_full_text|certification_status_unknown,False,single_source
IS 12916,IS 12916,,Acephate Sp,ACTIVE,General Engineering & Consumer Goods,,,single_source_unconfirmed,no_scope_or_description|no_full_text|certification_status_unknown,False,single_source
IS 12923,IS 12923,,Cane Gur (jaggery),ACTIVE,General Engineering & Consumer Goods,,,single_source_unconfirmed,no_scope_or_description|no_full_text|certification_status_unknown,False,single_source
IS 12931,IS 12931,,Atrazine Wp,ACTIVE,General Engineering & Consumer Goods,,,single_source_unconfirmed,no_scope_or_description|no_full_text|certification_status_unknown,False,single_source
IS 12933 (Part 1),IS 12933 (Part 1):2003,2003,Solar Flat Plate Collector - Specification,ACTIVE,Solar Energy,Solar Thermal,True,verified_multi_source,no_full_text,False,multi_source
IS 12981,IS 12981,,Common Salt - Iron Fortified,ACTIVE,Steel & Metallurgy,,True,single_source_unconfirmed,no_scope_or_description|no_full_text,False,single_source
IS 12987,IS 12987:1991,1991,CAST IRON DETACHABLE JOINTS FOR USE WITH,ACTIVE,,,,single_source_unconfirmed,certification_status_unknown,True,single_source
IS 12988,IS 12988:1991,1991,DIMENSIONAL REQUIREMENTS FOR RUBBER,ACTIVE,,,,single_source_unconfirmed,certification_status_unknown,True,single_source
IS 12993,IS 12993,,"Wheelchairs, Folding, Junior Size - Specification",ACTIVE,Medical & Healthcare,Hospital Equipment,True,single_source_unconfirmed,no_full_text,False,single_source
IS 12994,IS 12994:1990,1990,"EPOXY ADHESIVES, ROOM TEMPERATURE",ACTIVE,,,,single_source_unconfirmed,certification_status_unknown,True,single_source
IS 13000,IS 13000:1990,1990,SILICA ASBESTOS  - CEMENT,ACTIVE,,,,single_source_unconfirmed,certification_status_unknown,True,single_source
IS 13008,IS 13008:1990,1990,SHALLOW CORRUGATED ASBESTOS,ACTIVE,,,,single_source_unconfirmed,certification_status_unknown,True,single_source
IS 13026,IS 13026:1991,1991,BITUMEN MASTIC FOR FLOORING FOR,ACTIVE,,,,single_source_unconfirmed,certification_status_unknown,True,single_source
IS 13032,IS 13032:1991,1991,AC Miniature Circuit-Breaker Boards for Rated Voltages up to and including 500 V,ACTIVE,Electrical,,True,single_source_unconfirmed,no_full_text,False,single_source
IS 13049,IS 13049:1991,1991,Diaphragm Type(plastic Body)Float Operated Valves For Cold Water Services,ACTIVE,"Plastics, Chemicals & Rubber",,,verified_multi_source,certification_status_unknown,True,multi_source
IS 13095,IS 13095,,Butterfly Valves For General Purposes,ACTIVE,Pumps & Mechanical Equipment,,,single_source_unconfirmed,no_scope_or_description|no_full_text|certification_status_unknown,False,single_source
IS 13098,IS 13098:2012,2012,Automotive Vehicles- Tubes For Pneumatic Tyres-specification,ACTIVE,Automotive & Transport,Rubber Inner Tubes,True,single_source_unconfirmed,no_full_text,False,single_source
IS 13114,IS 13114:1991,1991,"Forged Brass Gate, Globe And Check Valves For Water Works Purposes",ACTIVE,Pumps & Mechanical Equipment,,,verified_multi_source,certification_status_unknown,True,multi_source
IS 13118,IS 13118:1991,1991,High-Voltage Alternating-Current Circuit-Breakers,ACTIVE,Electrical,,True,single_source_unconfirmed,no_full_text,False,single_source
IS 13204,IS 13204:1991,1991,RIGID PHENOLIC FOAM FOR THERMAL,ACTIVE,,,,single_source_unconfirmed,certification_status_unknown,True,single_source
IS 13213,IS 13213,,Polyurethane Full Gloss Enamel (two Pack),ACTIVE,General Engineering & Consumer Goods,,,single_source_unconfirmed,no_scope_or_description|no_full_text|certification_status_unknown,False,single_source
IS 13252 (Part 1),IS 13252 (Part 1):2010,2010,Information Technology Equipment — Safety — General Requirements,ACTIVE,IT & Electronics,Telecommunications,True,needs_review,no_full_text|source_conflict_present,False,multi_source
IS 13317,IS 13317:1992,1992,"CLAY ROOFING COUNTRY TILES,",ACTIVE,,,,single_source_unconfirmed,no_scope_or_description|certification_status_unknown,True,single_source
IS 13334 (Part 1),IS 13334 (Part 1),,Skimmed Milk Powder - Specification Part 1 : Standard Grade,ACTIVE,Food & Agriculture,,,single_source_unconfirmed,no_scope_or_description|no_full_text|certification_status_unknown,False,single_source
IS 13334 (Part 2),IS 13334 (Part 2),,Skimmed Milk Powder Specification Part 2 Extra Grade,ACTIVE,Food & Agriculture,,,single_source_unconfirmed,no_scope_or_description|no_full_text|certification_status_unknown,False,single_source
IS 13340,IS 13340:1993,1993,Power Capacitors of Self-Healing Type for AC Power Systems up to 650 V,ACTIVE,Electrical,,True,single_source_unconfirmed,no_full_text,False,single_source
IS 13340 (Part 1),IS 13340 (Part 1),,"Shunt Power Capacitors Of The Self-healing Type For Ac Systems Having A Rated Voltage Up To And Including1000V Part1General Performance, Testing And Rating Safety Requirements -- Guide For Installation And Operation",ACTIVE,Electrical & Electronics,,True,single_source_unconfirmed,no_scope_or_description|no_full_text,False,single_source
IS 13349,IS 13349:1992,1992,SINGLE FACED CAST IRON THIMBLE,ACTIVE,,,,single_source_unconfirmed,certification_status_unknown,True,single_source
IS 13356,IS 13356:1992,1992,PRECAST FERROCEMENT WATER TANKS,ACTIVE,,,,single_source_unconfirmed,certification_status_unknown,True,single_source
IS 13382,IS 13382:2004,2004,CAST IRON SPECIALS FOR MECHANICAL AND,ACTIVE,,,,single_source_unconfirmed,certification_status_unknown,True,single_source
IS 13422,IS 13422:1992,1992,Sterile Rubber Surgical Gloves - Specification,ACTIVE,Medical Devices,Medical Gloves,True,verified_multi_source,no_full_text,False,multi_source
IS 13428,IS 13428:2005,2005,Packaged Natural Mineral Water,ACTIVE,Food & Agriculture,Water & Beverages,True,single_source_unconfirmed,no_full_text,False,single_source
IS 13429 (Part 1),IS 13429 (Part 1),,Solar Cooker - Box Type - Part 1 : Requirements,ACTIVE,General Engineering & Consumer Goods,,,single_source_unconfirmed,no_scope_or_description|no_full_text|certification_status_unknown,False,single_source
IS 13450 (Part 1),IS 13450 (Part 1):2018,2018,Medical Electrical Equipment,ACTIVE,Medical & Healthcare,Medical Electrical Systems,,single_source_unconfirmed,no_full_text|certification_status_unknown,False,single_source
IS 13450 (Part 2/Sec 2),IS 13450 (Part 2/Sec 2):2018,2018,Particular Requirements for the Basic Safety and Essential Performance of High Frequency Surgical Equipment,ACTIVE,Medical Devices,,True,single_source_unconfirmed,no_full_text,False,single_source
IS 13457,IS 13457,,Pesticide - Deltamethrin Wp,ACTIVE,General Engineering & Consumer Goods,,,single_source_unconfirmed,no_scope_or_description|no_full_text|certification_status_unknown,False,single_source
IS 13487,IS 13487,,Irrigation Equipment - Emitters,ACTIVE,Pumps & Mechanical Equipment,,,single_source_unconfirmed,no_scope_or_description|no_full_text|certification_status_unknown,False,single_source
IS 13488,IS 13488,,Hospital Furniture - Intensive Care Bed (ICU Bed) - Specification,ACTIVE,Medical & Healthcare,Hospital Furniture,True,single_source_unconfirmed,no_full_text,False,single_source
IS 13585 (Part 1),IS 13585 (Part 1):2012,2012,Shunt Power Capacitors of the Non-Self-Healing Type for A.C. Systems having a Rated Voltage up to and including 1000 V,ACTIVE,Electrical,,True,verified_multi_source,no_full_text,False,multi_source
IS 13592,IS 13592:1992,1992,Unplasticized Polyvinyl Chloride (pvc-u) Pipes For Soil And Waste Discharge System Inside And Outside Buildings Including Ventilation And Rainwater System,ACTIVE,Steel & Metallurgy,,True,verified_multi_source,,True,multi_source
IS 13620,IS 13620:1993,1993,FUSION BONDED  EPOXY COATED,ACTIVE,,,,single_source_unconfirmed,certification_status_unknown,True,single_source
IS 13703 (Part 1),IS 13703 (Part 1):1993,1993,Low-Voltage Fuses for Rated Voltages not Exceeding 1000 V AC - General Requirements,ACTIVE,Electrical,,True,single_source_unconfirmed,no_full_text,False,single_source
IS 13703 (Part 2/Sec 1),IS 13703 (Part 2/Sec 1):1993,1993,Low-Voltage Fuses - Fuses for Use by Authorized Persons (Mainly for Industrial Application),ACTIVE,Electrical,,True,verified_multi_source,no_full_text,False,multi_source
IS 13714,IS 13714,,Dunnage Pallets - Ware Housing,ACTIVE,General Engineering & Consumer Goods,,,single_source_unconfirmed,no_scope_or_description|no_full_text|certification_status_unknown,False,single_source
IS 13730 (Part 13),IS 13730 (Part 13),,"Specifications For Particular Types Of Winding Wires Part 13 Polyester Or Polyesterimide Overcoated With Polyamide-imide Enamelled Round Copper Wire, Class 200",ACTIVE,Steel & Metallurgy,,True,single_source_unconfirmed,no_scope_or_description|no_full_text,False,single_source
IS 13730 (Part 3),IS 13730 (Part 3),,"Specifications For Particular Types Of Winding Wires Part 3 : Polyester Enamelled Round Copper Wire, Class 155",ACTIVE,Steel & Metallurgy,,True,single_source_unconfirmed,no_scope_or_description|no_full_text,False,single_source
IS 13730 (Part 8),IS 13730 (Part 8),,"Specification For Particular Types Of Winding Wires Part 8 Polyesterimide Enamelled Round Copper Wire, Class 180",ACTIVE,Steel & Metallurgy,,True,single_source_unconfirmed,no_scope_or_description|no_full_text,False,single_source
IS 13753,IS 13753:1993,1993,DUST– PRESSED CERAMIC TILES WITH WATER,ACTIVE,,,,single_source_unconfirmed,certification_status_unknown,True,single_source
IS 13754,IS 13754:1993,1993,DUST – PRESSED CERAMIC TILES WITH,ACTIVE,,,,single_source_unconfirmed,certification_status_unknown,True,single_source
IS 13755,IS 13755:1993,1993,DUST– PRESSED CERAMIC TILES,ACTIVE,,,,single_source_unconfirmed,certification_status_unknown,True,single_source
IS 13756,IS 13756:1993,1993,DUST – PRESSED CERAMIC TILES WITH LOW,ACTIVE,,,,single_source_unconfirmed,certification_status_unknown,True,single_source
IS 13757,IS 13757:1993,1993,BURNT CLAY FLY ASH BUILDING BRICKS,ACTIVE,,,,single_source_unconfirmed,certification_status_unknown,True,single_source
IS 13774,IS 13774,,Live Working - Gloves Of Insulating Materials,ACTIVE,Medical & Healthcare,,True,single_source_unconfirmed,no_scope_or_description|no_full_text,False,single_source
IS 13779,IS 13779:2020,2020,"AC Static Watthour Meters, Class 1 and 2 - Specification",ACTIVE,Electrical,Energy Meters,True,needs_review,no_full_text|source_conflict_present,False,multi_source
IS 13785,IS 13785,,Pesticide - Dodine Wp,ACTIVE,General Engineering & Consumer Goods,,,single_source_unconfirmed,no_scope_or_description|no_full_text|certification_status_unknown,False,single_source
IS 13801,IS 13801,,Chequered Cement Concrete Tiles -,ACTIVE,Civil & Construction Materials,,True,single_source_unconfirmed,no_scope_or_description|no_full_text,False,single_source
IS 13920,IS 13920:2016,2016,Ductile Detailing of RC Structures,ACTIVE,Structural Engineering & Codes,Concrete Detailing,,single_source_unconfirmed,no_full_text|certification_status_unknown,False,single_source
IS 13947 (Part 1),IS 13947 (Part 1):1993,1993,Low-Voltage Switchgear and Controlgear — General Rules,ACTIVE,Electrical - Switchgear,,True,verified_multi_source,no_full_text,False,multi_source
IS 13947 (Part 3),IS 13947 (Part 3):1993,1993,"Low-Voltage Switchgear and Controlgear - Switches, Disconnectors and Fuse-Combination Units",ACTIVE,Electrical,,True,single_source_unconfirmed,no_full_text,False,single_source
IS 13947 (Part 4/Sec 1),IS 13947 (Part 4/Sec 1):1993,1993,Low Voltage Switchgear - Contactors and Motor Starters,ACTIVE,Electrical,,True,single_source_unconfirmed,no_full_text,False,single_source
IS 13947 (Part 5/Sec 1),IS 13947 (Part 5/Sec 1):2004,2004,Control Circuit Devices and Switching Elements - Electromechanical Control Circuit Devices,ACTIVE,Electrical,,True,single_source_unconfirmed,no_full_text,False,single_source
IS 13957,IS 13957:1994,1994,METAL FACED PLYWOOD,ACTIVE,,,,single_source_unconfirmed,certification_status_unknown,True,single_source
IS 13958,IS 13958:1994,1994,Bamboo Mat Board For General Purposes -specification,ACTIVE,Civil & Construction Materials,,True,verified_multi_source,,True,multi_source
IS 13983,IS 13983:1994,1994,Stainless Steel Sinks For Domestic Purposes,ACTIVE,Steel & Metallurgy,,True,verified_multi_source,,True,multi_source
IS 13990,IS 13990:1994,1994,PRECAST REINFORCED CONCRETE,ACTIVE,,,,single_source_unconfirmed,certification_status_unknown,True,single_source
IS 13997,IS 13997,,"Drums, Large Open Top - Specification",ACTIVE,General Engineering & Consumer Goods,,,single_source_unconfirmed,no_scope_or_description|no_full_text|certification_status_unknown,False,single_source
IS 14106,IS 14106,,Direct Action Handpump,ACTIVE,Pumps & Mechanical Equipment,,,single_source_unconfirmed,no_scope_or_description|no_full_text|certification_status_unknown,False,single_source
IS 14143,IS 14143:1994,1994,PREFABRICATED BRICK PANEL AND PARTIALLY,ACTIVE,,,,single_source_unconfirmed,certification_status_unknown,True,single_source
IS 14151 (Part 1),IS 14151 (Part 1),,Irrigation Equipment - Sprinkler Pipes - Part 1 : Polyethylene Pipes,ACTIVE,Steel & Metallurgy,,True,single_source_unconfirmed,no_scope_or_description|no_full_text,False,single_source
IS 14151 (Part 2),IS 14151 (Part 2),,Irrigation Equipment - Sprinkler Pipes : Part 2 Quick Coupled Polyethylene Pipes And Fittings,ACTIVE,Steel & Metallurgy,,True,single_source_unconfirmed,no_scope_or_description|no_full_text,False,single_source
IS 14158,IS 14158,,Cyfluthrin Wp,ACTIVE,General Engineering & Consumer Goods,,,single_source_unconfirmed,no_scope_or_description|no_full_text|certification_status_unknown,False,single_source
IS 14166,IS 14166,,Respiratory protective devices - Full face masks,ACTIVE,Medical & Healthcare,,True,single_source_unconfirmed,no_scope_or_description|no_full_text,False,single_source
IS 14182,IS 14182:1994,1994,Solvent Cement For Use With Unplasticized Polyvinylchloride Plastic Pipe And Fittings,ACTIVE,Steel & Metallurgy,,True,verified_multi_source,,True,multi_source
IS 14183,IS 14183,,Pesticide - Cartap Hydrochloride Sp,ACTIVE,General Engineering & Consumer Goods,,,single_source_unconfirmed,no_scope_or_description|no_full_text|certification_status_unknown,False,single_source
IS 14184,IS 14184,,Pesticide - Cartap Hydrochloride G,ACTIVE,General Engineering & Consumer Goods,,,single_source_unconfirmed,no_scope_or_description|no_full_text|certification_status_unknown,False,single_source
IS 14186,IS 14186,,Pesticide - Diflubenzuron Wp,ACTIVE,General Engineering & Consumer Goods,,,single_source_unconfirmed,no_scope_or_description|no_full_text|certification_status_unknown,False,single_source
IS 14201,IS 14201:1994,1994,PRECAST REINFORCED CONCRETE CHANNEL,ACTIVE,,,,single_source_unconfirmed,certification_status_unknown,True,single_source
IS 14203,IS 14203,,Fire Resisting Record Protection Cabinets,ACTIVE,General Engineering & Consumer Goods,,,single_source_unconfirmed,no_scope_or_description|no_full_text|certification_status_unknown,False,single_source
IS 14220,IS 14220:1994,1994,Openwell Submersible Pumpsets - Specification,ACTIVE,Mechanical,,True,verified_multi_source,no_full_text,False,multi_source
IS 14223 (Part 1),IS 14223 (Part 1):1995,1995,POLISHED BUILDING STONES,ACTIVE,,,,single_source_unconfirmed,certification_status_unknown,True,single_source
IS 14241,IS 14241:1995,1995,PRECAST REINFORCED CONCRETE  L–PANEL,ACTIVE,,,,single_source_unconfirmed,certification_status_unknown,True,single_source
IS 14246,IS 14246,,Continuously Pre-painted Galvanized Steel Sheets And Coils,ACTIVE,Steel & Metallurgy,,True,single_source_unconfirmed,no_scope_or_description|no_full_text,False,single_source
IS 14252,IS 14252,,Textiles High Densitypolyethylene(hdpe)/Polypropylene(pp)Woven Sacks For Filling Sand,ACTIVE,Civil & Construction Materials,,True,single_source_unconfirmed,no_scope_or_description|no_full_text,False,single_source
IS 14255,IS 14255:1995,1995,Aerial Bunched Cables for Working Voltages up to and including 1100 V,ACTIVE,Electrical,,True,verified_multi_source,no_full_text,False,multi_source
IS 14257,IS 14257:1995,1995,Lead-Acid Storage Batteries,ACTIVE,Electrical & Electronics,Batteries & Storage,,single_source_unconfirmed,no_full_text|certification_status_unknown,False,single_source
IS 14261,IS 14261,,Transmission Devices-V-belts-Endless Narrow V-belts For Industrial Use,ACTIVE,General Engineering & Consumer Goods,,,single_source_unconfirmed,no_scope_or_description|no_full_text|certification_status_unknown,False,single_source
IS 14268,IS 14268:2022,2022,Prestressing Steel - Uncoated Stress-Relieved Low Relaxation Seven-Ply Strand for Prestressed Concrete,ACTIVE,Civil & Construction,,True,needs_review,full_text_edition_older_than_current_edition|source_conflict_present,True,multi_source
IS 14276,IS 14276:1995,1995,Cement Bonded Particle Boards -specification,ACTIVE,Civil & Construction Materials,,True,verified_multi_source,,True,multi_source
IS 14286,IS 14286:2010,2010,Crystalline Silicon Terrestrial Photovoltaic (PV) Modules - Design Qualification and Type Approval,ACTIVE,Solar Energy,PV Modules,True,verified_multi_source,no_full_text,False,multi_source
IS 14300,IS 14300,,Neem Based Ec Containing Azadirachtin,ACTIVE,General Engineering & Consumer Goods,,,single_source_unconfirmed,no_scope_or_description|no_full_text|certification_status_unknown,False,single_source
IS 14333,IS 14333:1996,1996,High Density Polyethylene (HDPE) Pipes for Sewerage,ACTIVE,Civil & Construction,,True,verified_multi_source,,True,multi_source
IS 14402,IS 14402:1996,1996,GLASS FIBRE REINFORCED PLASTICS (GRP),ACTIVE,,,,single_source_unconfirmed,certification_status_unknown,True,single_source
IS 14411,IS 14411,,Deltamethrin F,ACTIVE,General Engineering & Consumer Goods,,,single_source_unconfirmed,no_scope_or_description|no_full_text|certification_status_unknown,False,single_source
IS 14433,IS 14433:2007,2007,Infant Milk Substitutes (Food Powder For Babies),ACTIVE,Food & Agriculture,Dairy Products,True,single_source_unconfirmed,no_full_text,False,single_source
IS 14443,IS 14443:1997,1997,POLYCARBONATE SHEETS,ACTIVE,,,,single_source_unconfirmed,certification_status_unknown,True,single_source
IS 14483 (Part 1),IS 14483 (Part 1),,Fertilizer And Chemical Injector System - Part 1 Venturi Injector,ACTIVE,"Plastics, Chemicals & Rubber",,,single_source_unconfirmed,no_scope_or_description|no_full_text|certification_status_unknown,False,single_source
IS 14490,IS 14490,,Plain Copier Paper,ACTIVE,General Engineering & Consumer Goods,,,single_source_unconfirmed,no_scope_or_description|no_full_text|certification_status_unknown,False,single_source
IS 14494,IS 14494,,Elastomer Insulated Flexible Cables For Use In Mines (combined Revision Of Is:691 And Is:1026),ACTIVE,Electrical & Electronics,,True,single_source_unconfirmed,no_scope_or_description|no_full_text,False,single_source
IS 14510,IS 14510,,Lambda-cyhalothrin Wp,ACTIVE,General Engineering & Consumer Goods,,,single_source_unconfirmed,no_scope_or_description|no_full_text|certification_status_unknown,False,single_source
IS 14534,IS 14534:1998,1998,Guidelines for Recovery and Recycling of Plastic Waste,ACTIVE,Chemicals,,False,single_source_unconfirmed,no_full_text,False,single_source
IS 14542,IS 14542,,Partly Skimmed Milk Powder,ACTIVE,Food & Agriculture,,,single_source_unconfirmed,no_scope_or_description|no_full_text|certification_status_unknown,False,single_source
IS 14543,IS 14543:2016,2016,Packaged Drinking Water (Other than Packaged Natural Mineral Water) - Specification,ACTIVE,Food & Agriculture,Water & Beverages,True,verified_multi_source,no_full_text,False,multi_source
IS 14544,IS 14544,,Leather Safety Footwear With Direct Moulded Pvc Soles,ACTIVE,"Plastics, Chemicals & Rubber",,,single_source_unconfirmed,no_scope_or_description|no_full_text|certification_status_unknown,False,single_source
IS 14550,IS 14550,,"Hexaconazole, EC",ACTIVE,General Engineering & Consumer Goods,,,single_source_unconfirmed,no_scope_or_description|no_full_text|certification_status_unknown,False,single_source
IS 14552,IS 14552,,"Thiophanate Methyl, Wp",ACTIVE,General Engineering & Consumer Goods,,,single_source_unconfirmed,no_scope_or_description|no_full_text|certification_status_unknown,False,single_source
IS 14561,IS 14561,,Fire Resisting (Insulating) Filing Cabinets Specification,ACTIVE,General Engineering & Consumer Goods,,,single_source_unconfirmed,no_full_text|certification_status_unknown,False,single_source
IS 14587,IS 14587:1998,1998,Prelaminated Medium Density Fibre Board -specification,ACTIVE,Civil & Construction Materials,,True,verified_multi_source,,True,multi_source
IS 14588,IS 14588:1999,1999,BAMBOO MAT-VEENER COMPOSITE FOR,ACTIVE,,,,single_source_unconfirmed,certification_status_unknown,True,single_source
IS 14605,IS 14605,,Irrigation Equipment - Micro Sprayer,ACTIVE,Pumps & Mechanical Equipment,,,single_source_unconfirmed,no_scope_or_description|no_full_text|certification_status_unknown,False,single_source
IS 14606,IS 14606,,Irrigation Equipment - Media Filter,ACTIVE,Pumps & Mechanical Equipment,,,single_source_unconfirmed,no_scope_or_description|no_full_text|certification_status_unknown,False,single_source
IS 14611,IS 14611,,Multilayered Cross Laminated Sheets/tarpaulins/covers/agricultural Films,ACTIVE,General Engineering & Consumer Goods,,,single_source_unconfirmed,no_scope_or_description|no_full_text|certification_status_unknown,False,single_source
IS 14616,IS 14616:1999,1999,LAMINATED  VENEER LUMBER,ACTIVE,,,,single_source_unconfirmed,certification_status_unknown,True,single_source
IS 14625,IS 14625,,Plastics Feeding Bottles,ACTIVE,"Plastics, Chemicals & Rubber",,,single_source_unconfirmed,no_scope_or_description|no_full_text|certification_status_unknown,False,single_source
IS 14643,IS 14643:1999,1999,UNSINTERED POLYTETRAFLUOROETHYLENE,ACTIVE,,,,single_source_unconfirmed,certification_status_unknown,True,single_source
IS 14650,IS 14650,,"Carbon Steel Cast Billet Ingots, Billets, Blooms And Slabs For Re-rolling Purposes",ACTIVE,Steel & Metallurgy,,True,single_source_unconfirmed,no_scope_or_description|no_full_text,False,single_source
IS 14695,IS 14695:1999,1999,GLASS FIBRE BASE COAL,ACTIVE,,,,single_source_unconfirmed,certification_status_unknown,True,single_source
IS 14697,IS 14697:1999,1999,"AC Static Transformer Operated Watthour and VAR-Hour Meters, Class 0.2S and 0.5S",ACTIVE,Electrical,,True,verified_multi_source,no_full_text,False,multi_source
IS 14724,IS 14724,,Water Purifiers With Ultra-violet Disinfection,ACTIVE,General Engineering & Consumer Goods,,,single_source_unconfirmed,no_scope_or_description|no_full_text|certification_status_unknown,False,single_source
IS 14735,IS 14735:1999,1999,Unplasticized Polyvinyl Chloride (upvc) Injection Moulded Fittings For Soil And Waste Discharge System For Inside And Outside Buildings Including Ventilation And Rain Water System -,ACTIVE,"Plastics, Chemicals & Rubber",,,verified_multi_source,certification_status_unknown,True,multi_source
IS 14743,IS 14743,,Irrigation Equipment - Hydrocyclone Filters,ACTIVE,Pumps & Mechanical Equipment,,,single_source_unconfirmed,no_scope_or_description|no_full_text|certification_status_unknown,False,single_source
IS 14753,IS 14753:1999,1999,POLYMETHYL METHACRYLATE (PMMA),ACTIVE,,,,single_source_unconfirmed,certification_status_unknown,True,single_source
IS 14756,IS 14756,,Stainless Steel Cooking Utensils,ACTIVE,Steel & Metallurgy,,True,single_source_unconfirmed,no_scope_or_description|no_full_text,False,single_source
IS 14772,IS 14772:2000,2000,General Requirements For Enclosures For Accessories For Household And Similar Fixed Electrical Installations(superseding Is5133(part1 And 2),ACTIVE,Electrical & Electronics,,True,verified_multi_source,,True,multi_source
IS 14806,IS 14806,,Azospirillum Inoculants,ACTIVE,General Engineering & Consumer Goods,,,single_source_unconfirmed,no_scope_or_description|no_full_text|certification_status_unknown,False,single_source
IS 14807,IS 14807,,Phosphate Solubilising Bacterial Inoculant (PSBI),ACTIVE,General Engineering & Consumer Goods,,,single_source_unconfirmed,no_scope_or_description|no_full_text|certification_status_unknown,False,single_source
IS 14842,IS 14842:2000,2000,COIR VENEER BOARD FOR,ACTIVE,,,,single_source_unconfirmed,certification_status_unknown,True,single_source
IS 14845,IS 14845:2000,2000,Resilient Seated Cast Iron Air Release Valves for Water Works,ACTIVE,Mechanical,,True,single_source_unconfirmed,no_full_text,False,single_source
IS 14846,IS 14846:2000,2000,Sluice Valves for Water Works Purposes (50 to 1200 mm Size) - Specification (Gate Valves),ACTIVE,Mechanical,,True,verified_multi_source,,True,multi_source
IS 14856,IS 14856:2000,2000,GLASS FIBRE REINFORCED PLASTIC (GRP),ACTIVE,,,,single_source_unconfirmed,certification_status_unknown,True,single_source
IS 14862,IS 14862:2000,2000,FIBRE CEMENT FLAT SHEETS,ACTIVE,,,,single_source_unconfirmed,certification_status_unknown,True,single_source
IS 14871,IS 14871:2000,2000,PRODUCTS IN FIBRE REINFORCED,ACTIVE,,,,single_source_unconfirmed,certification_status_unknown,True,single_source
IS 14885,IS 14885,,Polyethylene Pipes For The Supply Of Gaseous Fuels -,ACTIVE,Steel & Metallurgy,,True,single_source_unconfirmed,no_scope_or_description|no_full_text,False,single_source
IS 14887,IS 14887,,Textiles — High Density Polyethylene (HDPE) / Polypropylene (PP) Woven Sacks For Packing 50 Kg / 25 Kg Foodgrains (Woven Plastic Gunny Bags),ACTIVE,Textiles & Garments,,True,single_source_unconfirmed,no_full_text,False,single_source
IS 14900,IS 14900,,Transparent Float Glass,ACTIVE,General Engineering & Consumer Goods,,,single_source_unconfirmed,no_scope_or_description|no_full_text|certification_status_unknown,False,single_source
IS 14912,IS 14912:2001,2001,DOOR CLOSERS - CONCEALED TYPE,ACTIVE,,,,single_source_unconfirmed,certification_status_unknown,True,single_source
IS 14927 (Part 2),IS 14927 (Part 2):2001,2001,Cable Trunking and Ducting Systems for Electrical Installations,ACTIVE,Electrical,,True,verified_multi_source,no_full_text,False,multi_source
IS 14928,IS 14928,,Textiles - Composite Synthetic Fibre Ropes,ACTIVE,Civil & Construction Materials,,True,single_source_unconfirmed,no_scope_or_description|no_full_text,False,single_source
IS 14929,IS 14929,,Textiles - High Strength Polyolefins Copolymer Ropes,ACTIVE,Civil & Construction Materials,,True,single_source_unconfirmed,no_scope_or_description|no_full_text,False,single_source
IS 14933,IS 14933,,High Pressure Fire Fighting Hose -specification,ACTIVE,General Engineering & Consumer Goods,,,single_source_unconfirmed,no_scope_or_description|no_full_text|certification_status_unknown,False,single_source
IS 14968,IS 14968,,Textiles-High Density Polyethylene(hdpe)/polypropylene(pp)Woven Sacks For Packing 50 Kg/25 Kg Sugar,ACTIVE,Civil & Construction Materials,,True,single_source_unconfirmed,no_scope_or_description|no_full_text,False,single_source
IS 15058,IS 15058,,Pvc Water-stops At Transverse Contraction Joints For Use In Masonry And Concrete Dams,ACTIVE,Civil & Construction Materials,,True,single_source_unconfirmed,no_scope_or_description|no_full_text,False,single_source
IS 15073 (Part 2),IS 15073 (Part 2),,Packaging Of Electric Detonator : Part 2 Corrugated Fibreboard Cases,ACTIVE,Electrical & Electronics,,True,single_source_unconfirmed,no_scope_or_description|no_full_text,False,single_source
IS 15111 (Part 1 and 2),IS 15111 (Part 1 and 2),,Self Ballasted Lamps For General Lighting Services,ACTIVE,Electrical & Electronics,,True,single_source_unconfirmed,no_scope_or_description|no_full_text,False,single_source
IS 15138,IS 15138,,Textiles - Jute Bags For Packing-50 Kg Sugar - Specification,ACTIVE,Civil & Construction Materials,,True,single_source_unconfirmed,no_scope_or_description|no_full_text,False,single_source
IS 15160,IS 15160,,Pretilachlor Emulsifiable Concentrate,ACTIVE,General Engineering & Consumer Goods,,,single_source_unconfirmed,no_scope_or_description|no_full_text|certification_status_unknown,False,single_source
IS 15182,IS 15182,,Propiconazole E.c.,ACTIVE,General Engineering & Consumer Goods,,,single_source_unconfirmed,no_scope_or_description|no_full_text|certification_status_unknown,False,single_source
IS 15219,IS 15219,,Aluminium Phosphide Powder Formulation,ACTIVE,Food & Agriculture,,,single_source_unconfirmed,no_scope_or_description|no_full_text|certification_status_unknown,False,single_source
IS 15227,IS 15227,,Deltamethrin Ulv,ACTIVE,General Engineering & Consumer Goods,,,single_source_unconfirmed,no_scope_or_description|no_full_text|certification_status_unknown,False,single_source
IS 15228,IS 15228,,Cyfluthrin - Emulsion In Water (ew),ACTIVE,General Engineering & Consumer Goods,,,single_source_unconfirmed,no_scope_or_description|no_full_text|certification_status_unknown,False,single_source
IS 15236,IS 15236,,Profenofos + Cypermethrin Emulsifiable Concentrate,ACTIVE,General Engineering & Consumer Goods,,,single_source_unconfirmed,no_scope_or_description|no_full_text|certification_status_unknown,False,single_source
IS 15240,IS 15240,,Profenofos Emulsifiable Concentrate,ACTIVE,General Engineering & Consumer Goods,,,single_source_unconfirmed,no_scope_or_description|no_full_text|certification_status_unknown,False,single_source
IS 15265,IS 15265,,Flexible Pvc Pipes Or Polymer Reinforced Thermoplastic Hoses For Suction And Delivery Lines Of Agricultural Pumps - Specificaton,ACTIVE,Steel & Metallurgy,,True,single_source_unconfirmed,no_scope_or_description|no_full_text,False,single_source
IS 15298 (Part 2),IS 15298 (Part 2):2016,2016,Personal Eye-Protection — Specification,ACTIVE,Safety & PPE,Personal Protective Equipment,,needs_review,no_full_text|source_conflict_present|certification_status_disputed_across_sources|certification_status_unknown|amendment_or_verification_data_self_asserted_not_network_verified,False,multi_source
IS 15298 (Part 3),IS 15298 (Part 3):2016,2016,Personal Eye and Face Protection — Hand/Arm Protection,ACTIVE,Safety & PPE,Personal Protective Equipment,,needs_review,no_full_text|source_conflict_present|certification_status_disputed_across_sources|certification_status_unknown,False,multi_source
IS 15298 (Part 4),IS 15298 (Part 4),,Personal Protective Equipment Part 4 Occuptional Footwear,ACTIVE,General Engineering & Consumer Goods,,,single_source_unconfirmed,no_scope_or_description|no_full_text|certification_status_unknown,False,single_source
IS 15328,IS 15328,,Unplasticized Non-pressure Polyvinyl Chloride ( Pvc -u ) Pipes For Use In Underground Drainage And Sewerage Systems -,ACTIVE,Steel & Metallurgy,,True,single_source_unconfirmed,no_scope_or_description|no_full_text,False,single_source
IS 15335,IS 15335,,Imidacloprid Sl,ACTIVE,General Engineering & Consumer Goods,,,single_source_unconfirmed,no_scope_or_description|no_full_text|certification_status_unknown,False,single_source
IS 15351,IS 15351,,Textiles - Laminated High Density Polyethylene (hdpe) Fabric For Canal Lining,ACTIVE,Civil & Construction Materials,,True,single_source_unconfirmed,no_scope_or_description|no_full_text,False,single_source
IS 15354 (Part 1),IS 15354 (Part 1),,Single-use Rubber Examination Gloves,ACTIVE,"Plastics, Chemicals & Rubber",,,single_source_unconfirmed,no_scope_or_description|no_full_text|certification_status_unknown,False,single_source
IS 15380,IS 15380:2003,2003,Moulded Raised High Density Fibre (hdf) Panel Doors -,ACTIVE,General Engineering & Consumer Goods,,,verified_multi_source,certification_status_unknown,True,multi_source
IS 15391,IS 15391,,Cold Rolled Non-oriented Electrical Steel Sheet And Strip - Semi-processed Type,ACTIVE,Steel & Metallurgy,,True,single_source_unconfirmed,no_scope_or_description|no_full_text,False,single_source
IS 15392,IS 15392:2020,2020,Aluminium Foil for Food Packaging,ACTIVE,Packaging & Containers,Metallic Foil,True,single_source_unconfirmed,no_full_text,False,single_source
IS 15410,IS 15410,,Containers for Packaging of Natural Mineral Water and Packaged Drinking Water,ACTIVE,General Engineering & Consumer Goods,,,single_source_unconfirmed,no_scope_or_description|no_full_text|certification_status_unknown,False,single_source
IS 15443,IS 15443,,Imidacloprid Technical,ACTIVE,General Engineering & Consumer Goods,,,single_source_unconfirmed,no_scope_or_description|no_full_text|certification_status_unknown,False,single_source
IS 15449 (Part 1),IS 15449 (Part 1),,Household Zig-zag Sewing Machine Head - Part 1 : General Requirements,ACTIVE,Pumps & Mechanical Equipment,,,single_source_unconfirmed,no_scope_or_description|no_full_text|certification_status_unknown,False,single_source
IS 15450,IS 15450:2004,2004,Chlorinated Polyvinyl Chloride (CPVC) Pipes for Potable Hot and Cold Water,ACTIVE,Water & Environment - Pipes,,,needs_review,no_full_text|source_conflict_present|certification_status_disputed_across_sources|certification_status_unknown,False,multi_source
IS 15462,IS 15462:2019,2019,Polymer and Rubber Modified Bitumen - Specification,ACTIVE,Civil & Construction,,True,single_source_unconfirmed,no_full_text,False,single_source
IS 15476,IS 15476:2004,2004,BAMBOO MAT CORRUGATED SHEETS,ACTIVE,,,,single_source_unconfirmed,certification_status_unknown,True,single_source
IS 15477,IS 15477,,"Adhesive For Use With Ceramic, Mosaic And Stone Tiles",ACTIVE,Civil & Construction Materials,,True,single_source_unconfirmed,no_scope_or_description|no_full_text,False,single_source
IS 15489,IS 15489:2004,2004,Plastic Waste Management - Guidelines for Recycling of Plastics,ACTIVE,Chemicals,,False,verified_multi_source,no_full_text,False,multi_source
IS 15491,IS 15491:2004,2004,MEDIUM DENSITY COIRBOARDS FOR,ACTIVE,,,,single_source_unconfirmed,certification_status_unknown,True,single_source
IS 15500 (Part 2),IS 15500 (Part 2),,"Deepwell Handpumps, Components And Special Tools Specification Part 2 Handpumps",ACTIVE,Pumps & Mechanical Equipment,,,single_source_unconfirmed,no_scope_or_description|no_full_text|certification_status_unknown,False,single_source
IS 15500 (Part 3),IS 15500 (Part 3),,"Deepwell Handpumps, Components And Special Tools Specification Part 3 Handpump Sub-assemblies",ACTIVE,Pumps & Mechanical Equipment,,,single_source_unconfirmed,no_scope_or_description|no_full_text|certification_status_unknown,False,single_source
IS 15500 (Part 4),IS 15500 (Part 4),,"Deep~ell Handpumps, Components And Special Tools Specification Part 4 Steel Components",ACTIVE,Steel & Metallurgy,,True,single_source_unconfirmed,no_scope_or_description|no_full_text,False,single_source
IS 15500 (Part 5),IS 15500 (Part 5),,"Deepwell Handpumps, Components And Special Tools Specification Part 5 Cast Iron Components",ACTIVE,Steel & Metallurgy,,True,single_source_unconfirmed,no_scope_or_description|no_full_text,False,single_source
IS 15500 (Part 6),IS 15500 (Part 6),,"Deepwell Handpumps, Components And Special Tools Specification Part 6 Brass/bronze Components",ACTIVE,Pumps & Mechanical Equipment,,,single_source_unconfirmed,no_scope_or_description|no_full_text|certification_status_unknown,False,single_source
IS 15500 (Part 7),IS 15500 (Part 7),,"Deepwell Handpumps, Components And Special Tools Specification Part 7 Rubber Components",ACTIVE,"Plastics, Chemicals & Rubber",,,single_source_unconfirmed,no_scope_or_description|no_full_text|certification_status_unknown,False,single_source
IS 15532,IS 15532,,Plastics Crates For Fruits And Vegetables,ACTIVE,"Plastics, Chemicals & Rubber",,,single_source_unconfirmed,no_scope_or_description|no_full_text|certification_status_unknown,False,single_source
IS 15558,IS 15558,,Mini Domestic Water Heater For Use With Lpg,ACTIVE,Electrical & Electronics,,True,single_source_unconfirmed,no_scope_or_description|no_full_text,False,single_source
IS 15559,IS 15559,,Polyester Strapping,ACTIVE,General Engineering & Consumer Goods,,,single_source_unconfirmed,no_scope_or_description|no_full_text|certification_status_unknown,False,single_source
IS 15573,IS 15573,,Polyaluminium Chloride,ACTIVE,General Engineering & Consumer Goods,,,single_source_unconfirmed,no_scope_or_description|no_full_text|certification_status_unknown,False,single_source
IS 15603,IS 15603,,Alphacypermethrin. Wp,ACTIVE,General Engineering & Consumer Goods,,,single_source_unconfirmed,no_scope_or_description|no_full_text|certification_status_unknown,False,single_source
IS 15622,IS 15622:2017,2017,"Pressed Ceramic Tiles-(superseding Is13753:1993,Is13754:1993,Is 13755:1993 And Is 13756:1993)",ACTIVE,Civil & Construction Materials,Tiles & Flooring,True,single_source_unconfirmed,no_full_text,False,single_source
IS 15623,IS 15623,,"Melamine (2 , 4, 6 Triamino 1, 3, 5 Triazine)",ACTIVE,General Engineering & Consumer Goods,,,single_source_unconfirmed,no_scope_or_description|no_full_text|certification_status_unknown,False,single_source
IS 15627,IS 15627:2005,2005,Automotive Vehicles-Pneumatic Tyres For Two And Three-wheeled Motor Vehicles,ACTIVE,Automotive & Transport,Light Vehicle Tyres,True,single_source_unconfirmed,no_full_text,False,single_source
IS 15633,IS 15633:2005,2005,Automotive Vehicles-Pneumatic Tyres For Passenger Car Vehicles- Diagonal And Radial Ply,ACTIVE,Automotive & Transport,Pneumatic Tyres,True,single_source_unconfirmed,no_full_text,False,single_source
IS 15636,IS 15636:2012,2012,Automotive Vehicles - Pneumatic Tyres For Commercial Vehicles - Diagonal And Radial Ply,ACTIVE,Automotive & Transport,Commercial Vehicle Tyres,True,single_source_unconfirmed,no_full_text,False,single_source
IS 15644,IS 15644:2006,2006,Safety of Electric Toys,ACTIVE,Toys & Children Products,Electrical Safety,True,single_source_unconfirmed,no_full_text,False,single_source
IS 15647,IS 15647,,Hot Rolled Steel Narrow Width Strip For Selded Tubes An Pipes,ACTIVE,Steel & Metallurgy,,True,single_source_unconfirmed,no_scope_or_description|no_full_text,False,single_source
IS 15652,IS 15652:2006,2006,Insulating Mats for Electrical Purposes,ACTIVE,Electrical,,True,verified_multi_source,no_full_text,False,multi_source
IS 15658,IS 15658:2006,2006,Precast Concrete Blocks for Paving — Specification,ACTIVE,Construction Materials - Paving,,,needs_review,no_full_text|source_conflict_present|certification_status_disputed_across_sources|certification_status_unknown,False,multi_source
IS 15683,IS 15683:2018,2018,Portable Fire Extinguishers - Performance and Construction - Specification,ACTIVE,Mechanical,Extinguishers,True,verified_multi_source,no_full_text|amendment_or_verification_data_self_asserted_not_network_verified,False,multi_source
IS 15757,IS 15757:2007,2007,Follow-Up Formula - Complementary Food - Specification,ACTIVE,Food & Agriculture,,True,verified_multi_source,no_full_text,False,multi_source
IS 15778,IS 15778:2007,2007,Chlorinated Polyvinyl Chloride (CPVC) Pipes for Potable Hot and Cold Water Distribution Supplies,ACTIVE,Civil & Construction,,True,verified_multi_source,no_full_text,False,multi_source
IS 15787,IS 15787,,Switch-socket-outlets (non-interlock Type),ACTIVE,Electrical & Electronics,,True,single_source_unconfirmed,no_scope_or_description|no_full_text,False,single_source
IS 15801,IS 15801,,Polypropylene-random Copolymer Pipes For Hot And Cold Water Supplies -,ACTIVE,Steel & Metallurgy,,True,single_source_unconfirmed,no_scope_or_description|no_full_text,False,single_source
IS 15809,IS 15809,,High Visibility Warning Clothes,ACTIVE,General Engineering & Consumer Goods,,,single_source_unconfirmed,no_scope_or_description|no_full_text|certification_status_unknown,False,single_source
IS 15827,IS 15827,,Cladding Films For Greenhouse / Polyhouse,ACTIVE,General Engineering & Consumer Goods,,,single_source_unconfirmed,no_scope_or_description|no_full_text|certification_status_unknown,False,single_source
IS 15833,IS 15833,,Stainless Steel Tower Bolts -specification,ACTIVE,Steel & Metallurgy,,True,single_source_unconfirmed,no_scope_or_description|no_full_text,False,single_source
IS 15834,IS 15834,,Stainless Steel Sliding Door Bolts For Use With Padlocks -specification,ACTIVE,Steel & Metallurgy,,True,single_source_unconfirmed,no_scope_or_description|no_full_text,False,single_source
IS 15844,IS 15844,,Sports Footwear,ACTIVE,General Engineering & Consumer Goods,,,single_source_unconfirmed,no_scope_or_description|no_full_text|certification_status_unknown,False,single_source
IS 15848,IS 15848,,"Zinc Sulphate, Monohydrate, Agricultural Grade",ACTIVE,General Engineering & Consumer Goods,,,single_source_unconfirmed,no_scope_or_description|no_full_text|certification_status_unknown,False,single_source
IS 15852,IS 15852,,Textiles - Woven Shirtings Made Of Cotton Man-made Fibres/filaments And Their Blends,ACTIVE,Civil & Construction Materials,,True,single_source_unconfirmed,no_scope_or_description|no_full_text,False,single_source
IS 15853,IS 15853,,Textiles-Woven Suitings Made Of Cotton Man-made Fibres/filaments And Their Blends,ACTIVE,Civil & Construction Materials,,True,single_source_unconfirmed,no_scope_or_description|no_full_text,False,single_source
IS 15884,IS 15884:2010,2010,Alternating Current Direct Connected Static Prepayment Meters for Active Energy,ACTIVE,Electrical,,True,verified_multi_source,no_full_text,False,multi_source
IS 15885 (Part 1),IS 15885 (Part 1):2011,2011,Lamp Controlgear - General and Safety Requirements,ACTIVE,Electronics & IT,,True,single_source_unconfirmed,no_full_text,False,single_source
IS 15885 (Part 2/Sec 13),IS 15885 (Part 2/Sec 13):2012,2012,Lamp Controlgear — Part 2: Particular Requirements — Section 13: d.c. or a.c. Supplied Electronic Controlgear for LED Modules,ACTIVE,ELECTRONICS,,True,single_source_unconfirmed,no_full_text|amendment_or_verification_data_self_asserted_not_network_verified,False,single_source
IS 15886,IS 15886:2010,2010,Point of Sale (POS) Terminals - Functional Requirements,ACTIVE,Electronics & IT,,True,single_source_unconfirmed,no_full_text,False,single_source
IS 15905,IS 15905,,"Hubless Centrifugally Cast(spun)Iron Pipes,Fittings And Accessories - Spigot Series",ACTIVE,Steel & Metallurgy,,True,single_source_unconfirmed,no_scope_or_description|no_full_text,False,single_source
IS 15907,IS 15907,,Agro Textiles - High Density Polyethylene (hdpe) Woven Beds For Vermiculture,ACTIVE,Civil & Construction Materials,,True,single_source_unconfirmed,no_scope_or_description|no_full_text,False,single_source
IS 15909,IS 15909,,Pvc Geomembranes For Lining Specification,ACTIVE,"Plastics, Chemicals & Rubber",,,single_source_unconfirmed,no_scope_or_description|no_full_text|certification_status_unknown,False,single_source
IS 15911,IS 15911,,Structural Steel (ordinary Quality),ACTIVE,Steel & Metallurgy,,True,single_source_unconfirmed,no_scope_or_description|no_full_text,False,single_source
IS 15914,IS 15914,,"High Tensile Strength Flat Rolled Steel Plate(up To6Mm),Sheet And Strip For The Manufacture Of Welded Gas Cylinder",ACTIVE,Steel & Metallurgy,,True,single_source_unconfirmed,no_scope_or_description|no_full_text,False,single_source
IS 15939,IS 15939,,Pesticide - Bifenthrin Wettable Powder,ACTIVE,Food & Agriculture,,,single_source_unconfirmed,no_scope_or_description|no_full_text|certification_status_unknown,False,single_source
IS 15959 (Part 1),IS 15959 (Part 1):2011,2011,"Data Exchange for Electricity Meter Reading, Tariff and Load Control (Companion Standard for Indian Metering)",ACTIVE,Electrical,,True,single_source_unconfirmed,no_full_text,False,single_source
IS 15959 (Part 2),IS 15959 (Part 2):2013,2013,Data Exchange for Electricity Meter Reading - Smart Meter Companion Standard,ACTIVE,Electrical,,True,single_source_unconfirmed,no_full_text,False,single_source
IS 15961,IS 15961,,Hot Dip Aluminium-zinc Alloy Metallic Coated Steel Strip And Sheet (plain),ACTIVE,Steel & Metallurgy,,True,single_source_unconfirmed,no_scope_or_description|no_full_text,False,single_source
IS 15962,IS 15962,,Structural Steels For Building And Structures With Improved Seismic Resistance,ACTIVE,Steel & Metallurgy,,True,single_source_unconfirmed,no_scope_or_description|no_full_text,False,single_source
IS 15965,IS 15965:2012,2012,Pre-Painted Galvanized Steel Sheets and Coils,ACTIVE,Civil & Construction,,True,verified_multi_source,no_full_text,False,multi_source
IS 15986,IS 15986:2016,2016,High Visibility Warning Clothing — Specification,ACTIVE,HEALTHCARE,,,unverified,no_full_text|demo_only_unverified_source|certification_status_unknown,False,demo_only
IS 15997,IS 15997,,Low Nickel Austenitic Stainless Steel Sheet And Strip For Utensils And Kitchen Appliances - Specification,ACTIVE,Steel & Metallurgy,,True,single_source_unconfirmed,no_scope_or_description|no_full_text,False,single_source
IS 16008 (Part 1),IS 16008 (Part 1),,Agro Textiles-Shade Nets For Agriculture And Horticulture Purposes - Specification Part 1 Shade Nets Made From Tape Yarns,ACTIVE,Civil & Construction Materials,,True,single_source_unconfirmed,no_scope_or_description|no_full_text,False,single_source
IS 16008 (Part 2),IS 16008 (Part 2),,Agro Textiles-Shade Nets For Agriculture And Horticulture Purposes - Specification Part 2 Shade Nets Made From Mono Filament Yarns,ACTIVE,Civil & Construction Materials,,True,single_source_unconfirmed,no_scope_or_description|no_full_text,False,single_source
IS 16014,IS 16014:2012,2012,"Mechanically Woven, Double -twisted, Hexagonal Wire Mesh Gabions, Revet Mattresses And Rock Fall Netting(Galvanized Steel Wire Or Galvanized Steel Wore With Pvc Coating)",ACTIVE,Steel & Metallurgy,,True,needs_review,no_full_text|source_conflict_present,False,single_source
IS 16018,IS 16018,,Wheeled Fire Extinguishers Performance And Construction Specification,ACTIVE,General Engineering & Consumer Goods,,,single_source_unconfirmed,no_scope_or_description|no_full_text|certification_status_unknown,False,single_source
IS 16046 (Part 1),IS 16046 (Part 1):2018,2018,Secondary Nickel Cells and Batteries,ACTIVE,Electronics & IT Equipment,Batteries & Storage,True,single_source_unconfirmed,no_full_text,False,single_source
IS 16046 (Part 2),IS 16046 (Part 2):2018,2018,Secondary Cells and Batteries Containing Alkaline or Other Non-Acid Electrolytes - Safety Requirements for Portable Lithium Systems,ACTIVE,Solar Energy,Batteries & Storage,True,verified_multi_source,no_full_text,False,multi_source
IS 16047,IS 16047:2014,2014,Secondary Cells and Batteries for Portable Applications - Performance,ACTIVE,Electronics & IT,,True,single_source_unconfirmed,no_full_text,False,single_source
IS 16076,IS 16076:2015,2015,Server Systems - Environmental Testing and Operational Limits,ACTIVE,Electronics & IT,,True,single_source_unconfirmed,no_full_text,False,single_source
IS 16077,IS 16077:2013,2013,Measurement Procedures for Materials Used in Photovoltaic Modules - Encapsulants (EVA Sheets),ACTIVE,Solar Energy,,True,single_source_unconfirmed,no_full_text,False,single_source
IS 16088,IS 16088,,Chlorinated Polyvinyl Chloride(cpvc)Pipes For Automatic Sprinkler Fire Extinguishing System - Specification,ACTIVE,Steel & Metallurgy,,True,single_source_unconfirmed,no_scope_or_description|no_full_text,False,single_source
IS 16098 (Part 1),IS 16098 (Part 1),,"Structured-wall Plastics Piping Systems For Non-pressure Drainage And Sewerage Part 1 Pipes And Fittings With Smooth External Surface, Type A",ACTIVE,Steel & Metallurgy,,True,single_source_unconfirmed,no_scope_or_description|no_full_text,False,single_source
IS 16098 (Part 2),IS 16098 (Part 2),,"Structured-wall Plastics Piping Systems For Non-pressure Drainage And Sewerage Part 2 Pipes And Fittings With Non-smooth External Surface, Type B",ACTIVE,Steel & Metallurgy,,True,single_source_unconfirmed,no_scope_or_description|no_full_text,False,single_source
IS 16102 (Part 1),IS 16102 (Part 1):2012,2012,Self-ballasted LED Lamps for General Lighting Services — Part 1: Safety Requirements,ACTIVE,Electrical & Electronics,Lighting,True,verified_multi_source,no_full_text|amendment_or_verification_data_self_asserted_not_network_verified,False,multi_source
IS 16102 (Part 2),IS 16102 (Part 2):2012,2012,Self-Ballasted LED Lamps,ACTIVE,Electrical & Electronics,Lighting,True,single_source_unconfirmed,no_full_text,False,single_source
IS 16103 (Part 1),IS 16103 (Part 1):2012,2012,Led Modules for General Lighting - Safety Requirements,ACTIVE,Solar Energy,,True,single_source_unconfirmed,no_full_text,False,single_source
IS 16107 (Part 2/Sec 1),IS 16107 (Part 2/Sec 1):2016,2016,Luminaires Performance - Particular Requirements - LED Luminaires,ACTIVE,Solar Energy,,True,single_source_unconfirmed,no_full_text,False,single_source
IS 16131,IS 16131,,Imidacloprid Suspension Concentrate (SC),ACTIVE,General Engineering & Consumer Goods,,,single_source_unconfirmed,no_scope_or_description|no_full_text|certification_status_unknown,False,single_source
IS 16145,IS 16145,,Fipronil Suspension Concentrate (sc),ACTIVE,General Engineering & Consumer Goods,,,single_source_unconfirmed,no_scope_or_description|no_full_text|certification_status_unknown,False,single_source
IS 16169,IS 16169:2014,2014,Test Procedure of Islanding Prevention Measures for Utility-Interconnected Photovoltaic Inverters,ACTIVE,Solar Energy,,True,single_source_unconfirmed,no_full_text,False,single_source
IS 16180,IS 16180:2014,2014,Clinical Electronic Thermometers,ACTIVE,Medical & Healthcare,Diagnostic Instruments,,single_source_unconfirmed,no_full_text|certification_status_unknown,False,single_source
IS 16186,IS 16186,,Textiles - Light Weight Jute Sacking Bags For Packing 50 Kg Foodgrains - Specification,ACTIVE,Civil & Construction Materials,,True,single_source_unconfirmed,no_scope_or_description|no_full_text,False,single_source
IS 16190,IS 16190,,Agro Textiles -High Density Polyethylene(hdpe)Laminated Woven Lay Flay Tube For Irrigation Purpose - Specification,ACTIVE,Steel & Metallurgy,,True,single_source_unconfirmed,no_scope_or_description|no_full_text,False,single_source
IS 16192 (Part 1),IS 16192 (Part 1),,Automotive Vehicles - Wheel Rims For Two Nad Three Wheeled Vehicles Part1Light Alloy Wheel Rims-Methods Rims-Methods Of Tests And Requirements,ACTIVE,Steel & Metallurgy,,True,single_source_unconfirmed,no_scope_or_description|no_full_text,False,single_source
IS 16192 (Part 2),IS 16192 (Part 2),,Automotive Vehicles - Wheel Rims For Two And Three Wheeled Vehicles Part 2 Sheets Metal Wheel Rims - Methods Of Tests And Requirements,ACTIVE,General Engineering & Consumer Goods,,,single_source_unconfirmed,no_scope_or_description|no_full_text|certification_status_unknown,False,single_source
IS 16192 (Part 3),IS 16192 (Part 3),,Wheel Rimsfor Twoand Three Wheeled Vehicles-Spoke Wheel Rims - Method of Tests and Requirements,ACTIVE,General Engineering & Consumer Goods,,,single_source_unconfirmed,no_scope_or_description|no_full_text|certification_status_unknown,False,single_source
IS 16205 (Part 24),IS 16205 (Part 24),,Conduit Systems For Cable Management Part 24 Particular Requirements Conduit Systems Buried Under Ground,ACTIVE,Electrical & Electronics,,True,single_source_unconfirmed,no_scope_or_description|no_full_text,False,single_source
IS 16208,IS 16208,,"Textiles - High Density Polyethylene (hdpe)/ Polypropylene (pp) Woven Sacks For Packaging10Kg,15Kg,20Kg,25Kg And30Kg Foodgrains - Specification",ACTIVE,Civil & Construction Materials,,True,single_source_unconfirmed,no_scope_or_description|no_full_text,False,single_source
IS 16221 (Part 2),IS 16221 (Part 2):2015,2015,Safety of Power Converters for use in Photovoltaic Power Systems - Part 2: Particular Requirements for Inverters,ACTIVE,Solar Energy,Power Conditioning,True,verified_multi_source,no_full_text,False,multi_source
IS 16227 (Part 2),IS 16227 (Part 2),,Instrument Transformers Part2Additional Requirements For Current Transformers,ACTIVE,General Engineering & Consumer Goods,,,single_source_unconfirmed,no_scope_or_description|no_full_text|certification_status_unknown,False,single_source
IS 16232,IS 16232,,Iron Fortified Iodized Salt (double Fortified Salt) - Food Grade - Specification,ACTIVE,Steel & Metallurgy,,True,single_source_unconfirmed,no_scope_or_description|no_full_text,False,single_source
IS 16242 (Part 1),IS 16242 (Part 1):2014,2014,Uninterruptible Power Systems (UPS) - Part 1: General and Safety Requirements for UPS,ACTIVE,Electronics & IT,,True,single_source_unconfirmed,no_full_text,False,single_source
IS 16246,IS 16246,,Elastomer Insulated Cables With Limited Circuit Integrity When Affected By Fire - Specification,ACTIVE,Electrical & Electronics,,True,single_source_unconfirmed,no_scope_or_description|no_full_text,False,single_source
IS 16270,IS 16270:2015,2015,Secondary Cells and Batteries for Solar Photovoltaic Application - General Requirements and Methods of Test,ACTIVE,Solar Energy,,True,single_source_unconfirmed,no_full_text,False,single_source
IS 16289,IS 16289:2014,2014,Medical Textiles - Surgical Face Masks - Specification,ACTIVE,Medical Devices,Personal Protective Equipment,True,verified_multi_source,no_full_text,False,multi_source
IS 16333 (Part 3),IS 16333 (Part 3):2017,2017,Mobile Phone Handsets - Part 3: Indian Language Support for Mobile Phone Handsets,ACTIVE,Electronics & IT,,True,single_source_unconfirmed,no_full_text,False,single_source
IS 16352,IS 16352,,Geosynthetics-High Density Polyethylene(hdpe)Geomembranes For Lining - Specification,ACTIVE,"Plastics, Chemicals & Rubber",,,single_source_unconfirmed,no_scope_or_description|no_full_text|certification_status_unknown,False,single_source
IS 16353,IS 16353,,Portland Cement Clinker - Specification No Of Revision :,ACTIVE,Civil & Construction Materials,,True,single_source_unconfirmed,no_scope_or_description|no_full_text,False,single_source
IS 16444 (Part 1),IS 16444 (Part 1):2015,2015,A.C. Static Direct Connected Smart Meter (Class 1 and 2) - Specification (Smart Prepaid Meters),ACTIVE,Electrical,Energy Meters,True,verified_multi_source,no_full_text,False,multi_source
IS 16444 (Part 2),IS 16444 (Part 2),,"A.c. Static Transformer Operated Watthour And Var-hour Smart Meters,Class0.2S,0.5S And1.0S Part2Specification Transformer Operated Smart Meters",ACTIVE,Electrical & Electronics,,True,single_source_unconfirmed,no_scope_or_description|no_full_text,False,single_source
IS 16513,IS 16513,,Agro Textiles-Insect Nets For Agriculture And Horticulture Purposes - Specification,ACTIVE,Civil & Construction Materials,,True,single_source_unconfirmed,no_scope_or_description|no_full_text,False,single_source
IS 16560 (Part 1),IS 16560 (Part 1):2017,2017,Solar Photovoltaic Water Pumping Systems - Specification,ACTIVE,Solar Energy,,True,single_source_unconfirmed,no_full_text,False,single_source
IS 16560 (Part 2),IS 16560 (Part 2):2017,2017,Solar Photovoltaic Water Pumping Systems - Test Procedure,ACTIVE,Solar Energy,,True,single_source_unconfirmed,no_full_text,False,single_source
IS 16626,IS 16626:2018,2018,Balance of System Components for Photovoltaic Systems,ACTIVE,Solar Energy,,True,single_source_unconfirmed,no_full_text,False,single_source
IS 16627,IS 16627:2017,2017,Secondary Lithium Cells and Batteries for Use in Industrial Applications,ACTIVE,Solar Energy,,True,single_source_unconfirmed,no_full_text,False,single_source
IS 16647,IS 16647,,Oriented Unplasticized Polyvinyl Chloride (pvc-o) Pipes For Water Supply,ACTIVE,Steel & Metallurgy,,True,single_source_unconfirmed,no_scope_or_description|no_full_text,False,single_source
IS 16703,IS 16703,,Textiles-High Density Polyethylene(hdpe)Polypropylene(pp)Woven Sacks For Packaging Of 25 Kg Polymer Materials,ACTIVE,Civil & Construction Materials,,True,single_source_unconfirmed,no_scope_or_description|no_full_text,False,single_source
IS 16715,IS 16715,,Ultrafine Ground Granulated Blast Furnace Slag - Specification,ACTIVE,General Engineering & Consumer Goods,,,single_source_unconfirmed,no_scope_or_description|no_full_text|certification_status_unknown,False,single_source
IS 16720,IS 16720,,Pulverized Fuel Ash-cement Bricks- Specification,ACTIVE,Civil & Construction Materials,,True,single_source_unconfirmed,no_scope_or_description|no_full_text,False,single_source
IS 16738,IS 16738:2018,2018,Positive Temperature Coefficient (PTC) Solar Water Heaters,ACTIVE,Solar Energy,,True,single_source_unconfirmed,no_full_text,False,single_source
IS 16886,IS 16886:2018,2018,Biometric Devices for Aadhaar Authentication - Part 1: Fingerprint Scanners,ACTIVE,Electronics & IT,,True,single_source_unconfirmed,no_full_text,False,single_source
IS 16887,IS 16887:2018,2018,Biometric Devices for Aadhaar Authentication - Part 2: Iris Scanners,ACTIVE,Electronics & IT,,True,single_source_unconfirmed,no_full_text,False,single_source
IS 17012,IS 17012,,High ankle tactical boots with pu - Rubber sole,ACTIVE,"Plastics, Chemicals & Rubber",,,single_source_unconfirmed,no_scope_or_description|no_full_text|certification_status_unknown,False,single_source
IS 17018 (Part 1),IS 17018 (Part 1),,Solar Photovoltaic Water Pumping Systems Part1Centrifugal Pumps Specification,ACTIVE,Electrical & Electronics,,True,single_source_unconfirmed,no_scope_or_description|no_full_text,False,single_source
IS 17037,IS 17037,,Anti riot shoes,ACTIVE,General Engineering & Consumer Goods,,,single_source_unconfirmed,no_scope_or_description|no_full_text|certification_status_unknown,False,single_source
IS 17042 (Part 1),IS 17042 (Part 1),,Diesel engines - N Ox reduction agent AUS 32 - quality requirements,ACTIVE,Pumps & Mechanical Equipment,,,single_source_unconfirmed,no_scope_or_description|no_full_text|certification_status_unknown,False,single_source
IS 17043,IS 17043,,Derby shoes,ACTIVE,General Engineering & Consumer Goods,,,single_source_unconfirmed,no_scope_or_description|no_full_text|certification_status_unknown,False,single_source
IS 17048,IS 17048,,Halogen Free Flame Retardant(hffr)Cables For Working Voltages Up To And Including 1 100 Volts - Specification,ACTIVE,Electrical & Electronics,,True,single_source_unconfirmed,no_scope_or_description|no_full_text,False,single_source
IS 17266,IS 17266,,Textiles - Viscose staple fibres,ACTIVE,Civil & Construction Materials,,True,single_source_unconfirmed,no_scope_or_description|no_full_text,False,single_source
IS 17293,IS 17293:2020,2020,Solar Cable - Cross-linked Polyolefin Insulated and Sheathed Cables for Photovoltaic Systems,ACTIVE,Solar Energy,,True,single_source_unconfirmed,no_full_text,False,single_source
IS 17334,IS 17334:2020,2020,Coveralls for Healthcare Workers - Specification,ACTIVE,Medical Devices,,True,single_source_unconfirmed,no_full_text,False,single_source
IS 17423,IS 17423,,Medical Textiles - Coveralls For Covid-19,ACTIVE,Civil & Construction Materials,,True,single_source_unconfirmed,no_scope_or_description|no_full_text,False,single_source
IS 17505 (Part 1),IS 17505 (Part 1),,Thermosetting Insulated Fire Survival Cables for Fixed Installation having Low Emission of Smoke and Corrosive Gases when Affected by Fire for Working Voltages upto and including 1100 Vac and 1500 V dc,ACTIVE,Electrical & Electronics,,True,single_source_unconfirmed,no_scope_or_description|no_full_text,False,single_source
IS 17546,IS 17546,,Chlorinated polyvinyl chloride CPVC fittings for potable hot and cold water distribution supplies,ACTIVE,"Plastics, Chemicals & Rubber",,,single_source_unconfirmed,no_scope_or_description|no_full_text|certification_status_unknown,False,single_source
IS 17550 (Part 1),IS 17550 (Part 1):2021,2021,Household refrigerating appliances - Characteristics and test methods - General requirements,ACTIVE,Domestic & Consumer Appliances,Refrigeration,True,single_source_unconfirmed,no_full_text,False,single_source
IS 17575 (Part 1),IS 17575 (Part 1):2021,2021,Electronic Toll Collection - Dedicated Short Range Communication (DSRC) FASTag,ACTIVE,Electronics & IT,,True,single_source_unconfirmed,no_full_text,False,single_source
IS 18000,IS 18000:2022,2022,Public Data Office Aggregator (PDOA) Wi-Fi Access Points - Security Requirements,ACTIVE,Electronics & IT,,True,single_source_unconfirmed,no_full_text,False,single_source
IS 18001,IS 18001:2022,2022,Unified Threat Management (UTM) Firewalls - Security Requirements,ACTIVE,Electronics & IT,,True,single_source_unconfirmed,no_full_text,False,single_source
IS 18002,IS 18002:2022,2022,Ethernet Switches for Mission Critical Infrastructure,ACTIVE,Electronics & IT,,True,single_source_unconfirmed,no_full_text,False,single_source
IS/IEC 60079 (Part 1),IS/IEC 60079 (Part 1),,"Explosive Atmospheres-Part1:Equipment Protection By Flameproof Enclosures ""d""",ACTIVE,General Engineering & Consumer Goods,,,single_source_unconfirmed,no_scope_or_description|no_full_text|certification_status_unknown,False,single_source
IS/IEC 60529,IS/IEC 60529:2001,2001,Degrees of Protection Provided by Enclosures (IP Code),ACTIVE,Electrical - Enclosures,,False,single_source_unconfirmed,no_full_text,False,single_source
IS/IEC 60730 (Part 2/Sec 9),IS/IEC 60730 (Part 2/Sec 9),,Automatic Electrical Controls For Household And Similar Use Part2 Particular Requirements Section 9 Temperature Sensing Controls,ACTIVE,Electrical & Electronics,,True,single_source_unconfirmed,no_scope_or_description|no_full_text,False,single_source
IS/IEC 60898 (Part 1),IS/IEC 60898 (Part 1):2015,2015,ELECTRICAL ACCESSORIES - CIRCUIT-BREAKERS FOR OVERCURRENT PROTECTION FOR HOUSEHOLD AND SIMILAR INSTALLATIONS - PART 1: CIRCUIT-BREAKERS FOR AC OPERATION,ACTIVE,Electrical,Switchgear & Protection,True,needs_review,full_text_edition_older_than_current_edition|source_conflict_present,True,multi_source
IS/IEC 60947 (Part 1),IS/IEC 60947 (Part 1):2004,2004,LOW-VOLTAGE SWITCHGEAR AND CONTROLGEAR - PART 1: GENERAL RULES,ACTIVE,,,,single_source_unconfirmed,certification_status_unknown,True,single_source
IS/IEC 60947 (Part 2),IS/IEC 60947 (Part 2):2019,2019,LOW-VOLTAGE SWITCHGEAR AND CONTROLGEAR - PART 2: CIRCUIT BREAKERS,ACTIVE,Electrical,Switchgear & Protection,True,needs_review,full_text_edition_older_than_current_edition|source_conflict_present,True,multi_source
IS/IEC 60947 (Part 3),IS/IEC 60947 (Part 3),,"LOW-VOLTAGE SWITCHGEAR AND CONTROLGEAR - PART 3: SWITCHES, DISCONNECTORS, SWITCH-DISCONNECTORS AND FUSE-COMBINATION UNITS",ACTIVE,,,,single_source_unconfirmed,no_full_text|certification_status_unknown,False,single_source
IS/IEC 60947 (Part 4-1),IS/IEC 60947 (Part 4-1):2002,2002,"LOW-VOLTAGE SWITCHGEAR AND CONTROLGEAR - PART 4: CONTACTORS AND MOTOR-STARTERS, SECTION 1: ELECTROMECHANICAL CONTACTORS AND MOTOR-STARTERS",ACTIVE,,,,single_source_unconfirmed,no_full_text|certification_status_unknown,False,single_source
IS/IEC 60947 (Part 5-1),IS/IEC 60947 (Part 5-1):2003,2003,"LOW-VOLTAGE SWITCHGEAR AND CONTROLGEAR - PART 5: CONTROL CIRCUIT DEVICES AND SWITCHING ELEMENTS, SECTION 1: ELECTROMECHANICAL CONTROL CIRCUIT DEVICES",ACTIVE,,,,single_source_unconfirmed,no_full_text|certification_status_unknown,False,single_source
IS/IEC 61331 (Part 3),IS/IEC 61331 (Part 3),,"Protective devices against diagnostic medical X-radiation : Protective clothing, eyewear and protective patient shields",ACTIVE,Medical & Healthcare,,True,single_source_unconfirmed,no_scope_or_description|no_full_text,False,single_source
IS/IEC 61730 (Part 1),IS/IEC 61730 (Part 1):2016,2016,Photovoltaic (PV) Module Safety Qualification - Part 1: Requirements for Construction,ACTIVE,Solar Energy,PV Modules,True,needs_review,no_full_text|source_conflict_present,False,multi_source
IS/IEC 61730 (Part 2),IS/IEC 61730 (Part 2):2016,2016,Photovoltaic (PV) Module Safety Qualification - Part 2: Requirements for Testing,ACTIVE,Solar Energy,,True,single_source_unconfirmed,no_full_text,False,single_source
IS/IEC 62446 (Part 1),IS/IEC 62446 (Part 1):2016,2016,"Photovoltaic (PV) Systems - Requirements for Testing, Documentation and Maintenance",ACTIVE,Solar Energy,,False,single_source_unconfirmed,no_full_text,False,single_source
IS/ISO 3183,IS/ISO 3183,,Petroleum And Natural Gas Industries - Steel Pipe For Pipeline Transportation Systems,ACTIVE,Steel & Metallurgy,,True,single_source_unconfirmed,no_scope_or_description|no_full_text,False,single_source
IS/ISO 6742 (Part 2),IS/ISO 6742 (Part 2),,Cycles - Lighting And Retro-reflective Devices - Photometric And Physical Requirements Part 2 Retro-reflective Devices,ACTIVE,Electrical & Electronics,,True,single_source_unconfirmed,no_scope_or_description|no_full_text,False,single_source
IS/ISO 10993 (Part 1),IS/ISO 10993 (Part 1):2018,2018,Biological Evaluation of Medical Devices - Part 1: Evaluation and Testing Within a Risk Management Process,ACTIVE,Medical Devices,,False,single_source_unconfirmed,no_full_text,False,single_source
IS/ISO 13485,IS/ISO 13485:2016,2016,Medical Devices - Quality Management Systems - Requirements for Regulatory Purposes,ACTIVE,Medical Devices,,False,single_source_unconfirmed,no_full_text,False,single_source
IS/ISO 15197,IS/ISO 15197,,In vitro Diagnostic Test Systems —Requirements for Blood-Glucose Monitoring System for Self-Testing in Managing Diabetes Mellitus,ACTIVE,General Engineering & Consumer Goods,,,single_source_unconfirmed,no_scope_or_description|no_full_text|certification_status_unknown,False,single_source
IS/ISO/IEC 27001,IS/ISO/IEC 27001:2013,2013,Information Security Management Systems (ISMS) — Requirements,ACTIVE,IT & Information Security,,False,single_source_unconfirmed,no_full_text,False,single_source
